Date,Age,Gender,Country,state,work_interfere,benefits,leave,supervisor,tech_company
2014-08-27,37,Female,United States,IL,Often,Yes,Somewhat easy,Yes,Yes
2014-08-27,44,Male,United States,IN,Rarely,Don't know,Don't know,No,No
2014-08-27,32,Male,Canada,,Rarely,No,Somewhat difficult,Yes,Yes
2014-08-27,31,Male,United Kingdom,,Often,No,Somewhat difficult,No,Yes
2014-08-27,31,Male,United States,TX,Never,Yes,Don't know,Yes,Yes
2014-08-27,33,Male,United States,TN,Sometimes,Yes,Don't know,Yes,Yes
2014-08-27,35,Female,United States,MI,Sometimes,No,Somewhat difficult,No,Yes
2014-08-27,39,Male,Canada,,Never,No,Don't know,No,Yes
2014-08-27,42,Female,United States,IL,Sometimes,Yes,Very difficult,Yes,Yes
2014-08-27,23,Male,Canada,,Never,Don't know,Don't know,Yes,Yes
2014-08-27,31,Male,United States,OH,Sometimes,Don't know,Don't know,Yes,Yes
2014-08-27,29,Male,Bulgaria,,Never,Don't know,Don't know,Yes,Yes
2014-08-27,42,Female,United States,CA,Sometimes,Yes,Somewhat difficult,Yes,No
2014-08-27,36,Male,United States,CT,Never,Don't know,Don't know,Yes,Yes
2014-08-27,27,Male,Canada,,Never,Don't know,Somewhat easy,Some of them,Yes
2014-08-27,29,Female,United States,IL,Rarely,Yes,Somewhat easy,Some of them,Yes
2014-08-27,23,Male,United Kingdom,,Sometimes,Don't know,Very easy,No,Yes
2014-08-27,32,Male,United States,TN,Sometimes,Yes,Don't know,Yes,Yes
2014-08-27,46,Male,United States,MD,Sometimes,Yes,Very easy,Yes,Yes
2014-08-27,36,Male,France,,,No,Somewhat easy,Some of them,Yes
2014-08-27,29,Male,United States,NY,Sometimes,Yes,Somewhat difficult,Some of them,Yes
2014-08-27,31,Male,United States,NC,Never,No,Somewhat difficult,Some of them,Yes
2014-08-27,46,Male,United States,MA,Often,Yes,Don't know,Yes,Yes
2014-08-27,41,Male,United States,IA,Never,Don't know,Don't know,No,No
2014-08-27,33,Male,United States,CA,Rarely,Yes,Don't know,Yes,Yes
2014-08-27,35,Male,United States,TN,Sometimes,Yes,Very easy,Yes,No
2014-08-27,33,Male,United States,TN,,Don't know,Don't know,No,Yes
2014-08-27,35,Female,United States,CA,Rarely,Yes,Don't know,Yes,Yes
2014-08-27,34,Male,United States,OH,Sometimes,Don't know,Somewhat difficult,No,Yes
2014-08-27,37,Male,United Kingdom,,Sometimes,No,Very difficult,No,Yes
2014-08-27,32,Male,United Kingdom,,Never,No,Don't know,Some of them,Yes
2014-08-27,31,Male,United States,PA,Rarely,No,Somewhat difficult,No,Yes
2014-08-27,30,Male,United Kingdom,,Sometimes,Don't know,Somewhat easy,Yes,Yes
2014-08-27,42,Male,United States,WA,Sometimes,Yes,Very easy,Some of them,Yes
2014-08-27,40,Female,United States,WI,Sometimes,Yes,Don't know,No,Yes
2014-08-27,27,Male,United States,NY,Rarely,No,Very easy,Yes,Yes
2014-08-27,29,Male,Canada,,Rarely,No,Very easy,No,Yes
2014-08-27,38,Male,Portugal,,,No,Somewhat easy,Some of them,Yes
2014-08-27,50,Male,United States,IN,,Yes,Don't know,Yes,Yes
2014-08-27,35,Male,United States,TX,Rarely,Yes,Very easy,Yes,Yes
2014-08-27,24,Male,United Kingdom,,Sometimes,No,Don't know,No,Yes
2014-08-27,35,Male,United States,MI,,Yes,Somewhat difficult,No,Yes
2014-08-27,27,Male,Canada,,Sometimes,No,Very difficult,No,Yes
2014-08-27,18,Male,Netherlands,,Often,No,Somewhat difficult,Some of them,Yes
2014-08-27,30,Male,United States,IN,Sometimes,Don't know,Don't know,No,Yes
2014-08-27,38,Female,United States,TX,Sometimes,Yes,Somewhat easy,Yes,Yes
2014-08-27,28,Male,United Kingdom,,,Don't know,Don't know,Yes,Yes
2014-08-27,34,Male,United States,TN,,No,Don't know,Yes,Yes
2014-08-27,26,Male,Canada,,Sometimes,No,Don't know,Yes,Yes
2014-08-27,30,Male,United States,IL,Rarely,Yes,Don't know,Yes,Yes
2014-08-27,22,Male,United States,TX,Often,No,Very difficult,No,Yes
2014-08-27,33,Male,United States,UT,,Don't know,Don't know,Yes,Yes
2014-08-27,31,Male,United States,,,Don't know,Don't know,Some of them,Yes
2014-08-27,32,Male,United States,TN,Never,Don't know,Don't know,Yes,Yes
2014-08-27,28,Male,Switzerland,,,No,Don't know,No,Yes
2014-08-27,27,Other,United States,NY,Rarely,Yes,Don't know,No,Yes
2014-08-27,32,Other,United States,TN,,Don't know,Somewhat easy,Yes,Yes
2014-08-27,24,Male,United States,NY,Sometimes,Don't know,Don't know,Yes,Yes
2014-08-27,26,Male,United States,TN,,No,Somewhat easy,Yes,No
2014-08-27,33,Male,Canada,,Often,Don't know,Somewhat difficult,No,Yes
2014-08-27,44,Male,United States,IA,Sometimes,Yes,Don't know,No,No
2014-08-27,26,Female,Poland,,Sometimes,Don't know,Very easy,Yes,Yes
2014-08-27,27,Male,United Kingdom,,Never,Yes,Somewhat easy,Yes,Yes
2014-08-27,26,Male,France,,,No,Very easy,No,Yes
2014-08-27,35,Male,Canada,,Sometimes,Don't know,Somewhat easy,Yes,Yes
2014-08-27,40,Male,United States,CA,Sometimes,Yes,Don't know,No,Yes
2014-08-27,23,Female,Australia,,Often,No,Very easy,Yes,Yes
2014-08-27,36,Male,United States,TX,Sometimes,Yes,Don't know,Some of them,Yes
2014-08-27,31,Female,United States,NM,,Don't know,Don't know,No,No
2014-08-27,34,Male,United States,NY,Rarely,No,Don't know,No,Yes
2014-08-27,28,Male,France,,Never,No,Don't know,Some of them,Yes
2014-08-27,34,Male,Canada,,Never,Don't know,Somewhat easy,Yes,Yes
2014-08-27,23,Other,United States,MA,Rarely,Yes,Somewhat difficult,Yes,Yes
2014-08-27,38,Male,United Kingdom,,,No,Somewhat easy,Yes,Yes
2014-08-27,33,Male,United States,CA,Never,Don't know,Don't know,Some of them,Yes
2014-08-27,19,Male,United Kingdom,,,No,Somewhat difficult,No,Yes
2014-08-27,25,Male,United States,WA,,Yes,Don't know,Yes,Yes
2014-08-27,31,Male,United States,WA,Sometimes,No,Somewhat difficult,Yes,Yes
2014-08-27,32,Male,United States,UT,Sometimes,No,Somewhat difficult,No,Yes
2014-08-27,28,Male,Germany,,Never,Don't know,Very easy,Some of them,Yes
2014-08-27,38,Male,United States,NY,Sometimes,Yes,Don't know,Some of them,Yes
2014-08-27,23,Male,United Kingdom,,Never,Yes,Very easy,Yes,Yes
2014-08-27,30,Male,Canada,,Never,No,Don't know,Yes,No
2014-08-27,27,Other,United States,NY,Often,Yes,Very easy,Yes,Yes
2014-08-27,33,Male,United States,CA,Never,No,Don't know,No,Yes
2014-08-27,31,Male,United States,TX,,Don't know,Don't know,Yes,Yes
2014-08-27,39,Male,United Kingdom,,Often,No,Very difficult,No,Yes
2014-08-27,34,Female,United States,OR,Rarely,Yes,Don't know,Some of them,Yes
2014-08-27,29,Female,United States,FL,Sometimes,Yes,Don't know,Some of them,Yes
2014-08-27,32,Male,United States,IL,,Don't know,Don't know,Some of them,Yes
2014-08-27,31,Male,United States,NY,Never,Yes,Somewhat easy,Yes,Yes
2014-08-27,40,Male,United States,TX,Sometimes,No,Very difficult,Yes,Yes
2014-08-27,34,Male,United States,OH,,Don't know,Somewhat easy,No,Yes
2014-08-27,18,Other,Russia,,,Yes,Somewhat easy,Yes,Yes
2014-08-27,25,Female,Canada,,Sometimes,Yes,Don't know,Yes,Yes
2014-08-27,29,Male,United States,MN,Never,Don't know,Don't know,Yes,Yes
2014-08-27,24,Male,United States,MO,Rarely,Don't know,Somewhat easy,No,Yes
2014-08-27,31,Male,Mexico,,Sometimes,Don't know,Don't know,Yes,Yes
2014-08-27,33,Other,United States,AZ,Sometimes,No,Somewhat easy,No,Yes
2014-08-27,30,Male,United States,IN,Often,No,Somewhat easy,Yes,Yes
2014-08-27,26,Female,Canada,,Sometimes,No,Very difficult,No,No
2014-08-27,44,Female,United States,MA,Never,Yes,Don't know,Some of them,Yes
2014-08-27,25,Male,United States,NY,,Don't know,Very easy,Yes,Yes
2014-08-27,33,Male,United States,WI,Sometimes,Yes,Somewhat easy,Yes,Yes
2014-08-27,29,Male,United States,NY,Never,Yes,Somewhat easy,Yes,Yes
2014-08-27,35,Male,United States,MO,Rarely,Yes,Somewhat easy,Yes,Yes
2014-08-27,35,Male,United States,OR,Sometimes,Don't know,Somewhat easy,Yes,Yes
2014-08-27,28,Male,Brazil,,Rarely,No,Don't know,Yes,Yes
2014-08-27,34,Male,United States,TN,Never,Yes,Don't know,No,Yes
2014-08-27,32,Male,United States,WA,Sometimes,Yes,Somewhat difficult,Yes,Yes
2014-08-27,22,Male,United States,NY,Sometimes,Yes,Don't know,No,Yes
2014-08-27,28,Male,United States,CA,Sometimes,Yes,Somewhat easy,Some of them,Yes
2014-08-27,45,Male,United States,MO,Rarely,Yes,Very easy,Yes,Yes
2014-08-27,32,Male,United States,NY,Never,Yes,Don't know,Some of them,Yes
2014-08-27,28,Male,United States,TX,,Don't know,Don't know,No,Yes
2014-08-27,26,Male,United Kingdom,,Never,Don't know,Very easy,Some of them,Yes
2014-08-27,21,Male,United Kingdom,,Often,No,Very difficult,Yes,No
2014-08-27,27,Male,Canada,,Rarely,Yes,Very easy,Yes,No
2014-08-27,18,Male,United States,CT,Rarely,No,Very easy,No,Yes
2014-08-27,35,Male,United States,CO,,Don't know,Don't know,Yes,Yes
2014-08-27,29,Male,United States,GA,Never,Yes,Don't know,No,Yes
2014-08-27,25,Male,United States,DC,,Don't know,Very easy,Yes,Yes
2014-08-27,33,Male,United States,MN,Sometimes,Don't know,Very easy,Yes,Yes
2014-08-27,36,Male,United States,WA,Often,Yes,Don't know,No,Yes
2014-08-27,27,Male,Canada,,Never,Yes,Very difficult,Yes,No
2014-08-27,27,Male,United States,WA,Never,Yes,Don't know,No,Yes
2014-08-27,27,Male,United Kingdom,,,No,Don't know,Some of them,Yes
2014-08-27,32,Male,United States,OR,Rarely,Yes,Don't know,Yes,Yes
2014-08-27,31,Male,United Kingdom,,Sometimes,No,Somewhat easy,No,Yes
2014-08-27,19,Male,Slovenia,,Sometimes,Don't know,Somewhat easy,No,Yes
2014-08-27,33,Male,United States,IL,Sometimes,Yes,Very easy,Some of them,Yes
2014-08-27,32,Male,United States,CA,Rarely,No,Very difficult,Some of them,Yes
2014-08-27,27,Male,United States,NE,Never,Don't know,Don't know,Yes,Yes
2014-08-27,38,Male,Costa Rica,,,No,Somewhat easy,Yes,Yes
2014-08-27,24,Male,Canada,,Never,Don't know,Don't know,Yes,Yes
2014-08-27,39,Male,United Kingdom,,Never,No,Don't know,No,No
2014-08-27,28,Male,United Kingdom,,Never,Don't know,Very easy,Yes,Yes
2014-08-27,39,Male,United States,IA,Often,Yes,Somewhat easy,Yes,Yes
2014-08-27,29,Female,United States,MD,,Don't know,Somewhat easy,No,Yes
2014-08-27,22,Male,Austria,,,Don't know,Somewhat easy,Some of them,Yes
2014-08-27,38,Male,United States,OR,Sometimes,Don't know,Don't know,Yes,Yes
2014-08-27,37,Male,United Kingdom,,Sometimes,No,Very difficult,No,No
2014-08-27,35,Male,United States,TX,Never,Don't know,Don't know,No,No
2014-08-27,-29,Male,United States,MN,,Yes,Don't know,Yes,No
2014-08-27,30,Female,United States,PA,,Don't know,Don't know,Some of them,Yes
2014-08-27,37,Male,United States,IN,Rarely,Yes,Somewhat easy,Yes,No
2014-08-27,24,Male,United Kingdom,,Never,No,Don't know,Some of them,Yes
2014-08-27,23,Male,United States,WV,Sometimes,No,Somewhat easy,No,No
2014-08-27,30,Male,Ireland,,Rarely,No,Somewhat easy,No,Yes
2014-08-27,29,Female,United States,MI,,Don't know,Don't know,Some of them,Yes
2014-08-27,19,Male,Canada,,,Don't know,Somewhat easy,Some of them,Yes
2014-08-27,32,Male,United States,CA,Never,Don't know,Very easy,Some of them,Yes
2014-08-27,28,Male,Poland,,Rarely,No,Don't know,Yes,Yes
2014-08-27,36,Male,United States,IL,Never,Don't know,Don't know,Some of them,Yes
2014-08-27,37,Male,United Kingdom,,Rarely,Yes,Somewhat difficult,No,No
2014-08-27,25,Male,United States,IL,Sometimes,Don't know,Somewhat difficult,Some of them,No
2014-08-27,27,Male,United States,CA,Sometimes,Don't know,Don't know,Some of them,Yes
2014-08-27,26,Male,United States,OK,Often,Don't know,Don't know,Yes,No
2014-08-27,27,Male,United States,UT,Rarely,No,Somewhat difficult,Yes,Yes
2014-08-27,25,Male,United States,IL,Sometimes,Don't know,Very easy,No,Yes
2014-08-27,36,Male,United Kingdom,,Sometimes,Yes,Somewhat easy,Some of them,No
2014-08-27,25,Female,United States,NY,Sometimes,Yes,Don't know,Some of them,Yes
2014-08-27,31,Male,United States,CA,Never,Yes,Don't know,Some of them,Yes
2014-08-27,26,Male,United States,MA,Rarely,Don't know,Don't know,Yes,Yes
2014-08-27,33,Female,United States,WA,Sometimes,No,Very difficult,Yes,Yes
2014-08-27,27,Female,United Kingdom,,,No,Somewhat easy,Yes,Yes
2014-08-27,34,Male,United States,MN,Never,No,Very easy,Some of them,Yes
2014-08-27,42,Male,United States,CA,,No,Very difficult,Yes,Yes
2014-08-27,23,Male,Ireland,,Sometimes,No,Very difficult,No,Yes
2014-08-27,24,Male,United Kingdom,,Rarely,Don't know,Very easy,Some of them,Yes
2014-08-27,26,Male,United Kingdom,,Sometimes,Yes,Somewhat easy,Yes,Yes
2014-08-27,31,Male,United Kingdom,,Often,Don't know,Don't know,Yes,Yes
2014-08-27,22,Male,India,,Never,Don't know,Very difficult,No,Yes
2014-08-27,23,Female,United States,NC,,Don't know,Don't know,Yes,Yes
2014-08-27,34,Female,Canada,,Sometimes,Yes,Somewhat easy,Yes,No
2014-08-27,31,Male,United States,MO,Never,Don't know,Don't know,Some of them,Yes
2014-08-27,28,Male,United Kingdom,,,No,Somewhat easy,Some of them,No
2014-08-27,32,Female,United States,MA,Often,Yes,Very easy,Yes,Yes
2014-08-27,45,Female,United States,CA,Sometimes,Yes,Somewhat difficult,Yes,Yes
2014-08-27,33,Male,United States,TX,,Don't know,Very easy,Yes,Yes
2014-08-27,29,Male,Mexico,,Never,No,Don't know,Yes,Yes
2014-08-27,26,Female,India,,Sometimes,No,Somewhat easy,Some of them,No
2014-08-27,28,Female,United Kingdom,,Never,Don't know,Somewhat easy,Yes,Yes
2014-08-27,45,Male,United States,CA,Sometimes,Don't know,Don't know,Some of them,Yes
2014-08-27,43,Male,United States,WA,Often,Yes,Very difficult,No,Yes
2014-08-27,37,Male,United States,MA,,Yes,Don't know,No,Yes
2014-08-27,24,Male,United Kingdom,,Sometimes,Don't know,Somewhat easy,Yes,Yes
2014-08-27,26,Male,France,,,No,Somewhat easy,No,Yes
2014-08-27,23,Male,United Kingdom,,,Don't know,Don't know,Yes,Yes
2014-08-27,35,Female,United States,CA,Never,Yes,Somewhat easy,No,Yes
2014-08-27,38,Female,South Africa,,Often,No,Somewhat easy,Some of them,Yes
2014-08-27,28,Male,United States,MI,Sometimes,Yes,Somewhat easy,No,Yes
2014-08-27,28,Male,Russia,,Sometimes,No,Don't know,No,Yes
2014-08-27,35,Male,United States,CA,Rarely,No,Don't know,Yes,Yes
2014-08-27,32,Female,Germany,,Sometimes,No,Very difficult,No,Yes
2014-08-27,31,Other,Italy,,Never,No,Somewhat easy,Some of them,Yes
2014-08-27,35,Female,United States,NY,Never,Don't know,Don't know,No,Yes
2014-08-27,26,Male,United States,CA,Rarely,Yes,Somewhat easy,Yes,Yes
2014-08-27,27,Male,United States,TN,,Yes,Somewhat easy,Some of them,Yes
2014-08-27,28,Male,United Kingdom,,Sometimes,Don't know,Don't know,No,Yes
2014-08-27,27,Female,United States,OR,Sometimes,Yes,Very easy,Some of them,Yes
2014-08-27,34,Female,United States,MN,Sometimes,Yes,Somewhat easy,Yes,No
2014-08-27,41,Male,United States,FL,Often,No,Very difficult,Some of them,Yes
2014-08-27,37,Male,Ireland,,Sometimes,No,Very difficult,No,Yes
2014-08-27,34,Male,Austria,,,Don't know,Very easy,Yes,Yes
2014-08-27,32,Male,United Kingdom,,Sometimes,Don't know,Somewhat difficult,No,Yes
2014-08-27,21,Male,Canada,,Sometimes,No,Somewhat difficult,Some of them,Yes
2014-08-27,30,Male,United States,MA,Often,No,Somewhat easy,Yes,Yes
2014-08-27,24,Male,United States,KS,Never,Don't know,Don't know,Yes,Yes
2014-08-27,26,Male,Bulgaria,,,No,Very easy,No,Yes
2014-08-27,40,Female,United States,DC,,Yes,Somewhat easy,Yes,Yes
2014-08-27,37,Male,United Kingdom,,Sometimes,No,Don't know,Yes,No
2014-08-27,26,Male,United Kingdom,,Often,No,Don't know,No,Yes
2014-08-27,32,Female,United States,TX,Sometimes,Don't know,Don't know,Some of them,Yes
2014-08-27,32,Female,United States,MA,Sometimes,Yes,Very easy,Yes,No
2014-08-27,27,Female,United States,MI,Sometimes,No,Very difficult,No,Yes
2014-08-27,30,Male,Germany,,Often,Yes,Very difficult,Yes,Yes
2014-08-27,31,Male,Canada,,,Yes,Very easy,Some of them,Yes
2014-08-27,29,Female,United States,NY,Never,Yes,Somewhat difficult,No,No
2014-08-27,41,Other,United States,VA,,Yes,Very easy,Some of them,Yes
2014-08-27,34,Female,United States,WA,,Yes,Somewhat easy,Yes,Yes
2014-08-27,33,Male,United Kingdom,,,Don't know,Don't know,Yes,Yes
2014-08-27,28,Male,United States,PA,Rarely,Don't know,Don't know,Some of them,Yes
2014-08-27,28,Male,United States,MI,Sometimes,No,Very difficult,Some of them,Yes
2014-08-27,23,Male,United States,PA,Never,Don't know,Don't know,Yes,Yes
2014-08-27,24,Male,United States,OR,,Don't know,Very easy,Yes,Yes
2014-08-27,32,Male,United States,WA,Rarely,No,Very difficult,Yes,Yes
2014-08-27,34,Male,Australia,,Sometimes,Don't know,Somewhat difficult,No,Yes
2014-08-27,24,Male,United States,PA,Never,Yes,Very easy,No,Yes
2014-08-27,26,Male,United Kingdom,,Sometimes,No,Don't know,Some of them,Yes
2014-08-27,36,Male,United States,OH,Sometimes,Yes,Don't know,Some of them,Yes
2014-08-27,41,Male,United States,TX,Rarely,Yes,Don't know,No,Yes
2014-08-27,38,Male,United Kingdom,,Sometimes,Don't know,Very difficult,No,No
2014-08-27,38,Male,United States,NH,Sometimes,Don't know,Don't know,Yes,Yes
2014-08-27,30,Male,Netherlands,,,Don't know,Somewhat easy,Some of them,Yes
2014-08-27,25,Male,United Kingdom,,Never,No,Somewhat difficult,No,Yes
2014-08-27,37,Male,Canada,,Often,Yes,Don't know,Some of them,Yes
2014-08-27,34,Male,United Kingdom,,,No,Somewhat difficult,Yes,Yes
2014-08-27,37,Female,United States,NC,Sometimes,Yes,Somewhat easy,Some of them,No
2014-08-27,28,Female,Canada,,Sometimes,Yes,Don't know,Yes,No
2014-08-27,22,Male,Sweden,,,Don't know,Don't know,Yes,Yes
2014-08-27,34,Male,United States,FL,Sometimes,No,Somewhat difficult,Some of them,Yes
2014-08-27,33,Male,United States,CA,Sometimes,Yes,Somewhat easy,Yes,Yes
2014-08-27,25,Male,South Africa,,,No,Somewhat difficult,Yes,Yes
2014-08-27,27,Male,United States,GA,Never,Yes,Somewhat easy,Yes,Yes
2014-08-27,40,Male,United States,OH,Sometimes,Yes,Don't know,No,Yes
2014-08-27,21,Male,United States,KY,Often,Don't know,Don't know,No,No
2014-08-27,29,Male,United Kingdom,,,No,Very easy,Yes,No
2014-08-27,32,Male,United States,NC,Sometimes,No,Don't know,Yes,Yes
2014-08-27,29,Female,United States,NY,Rarely,Yes,Don't know,No,No
2014-08-27,23,Male,United States,AL,Sometimes,Don't know,Somewhat easy,Some of them,No
2014-08-27,28,Male,United States,GA,,Yes,Somewhat easy,Yes,Yes
2014-08-27,31,Male,United States,CA,Rarely,Yes,Very easy,Yes,Yes
2014-08-27,27,Male,United Kingdom,,,Don't know,Very easy,Yes,No
2014-08-27,24,Male,United States,VA,Sometimes,Don't know,Don't know,Yes,Yes
2014-08-27,29,Male,Canada,,Often,No,Somewhat difficult,No,Yes
2014-08-27,23,Female,United Kingdom,,Sometimes,Don't know,Don't know,Some of them,Yes
2014-08-27,42,Male,United States,WA,Never,No,Somewhat easy,Yes,Yes
2014-08-27,24,Male,United Kingdom,,,No,Don't know,Some of them,Yes
2014-08-27,25,Male,Australia,,Often,No,Very difficult,No,Yes
2014-08-27,27,Female,United States,TX,Rarely,Yes,Don't know,No,Yes
2014-08-27,27,Male,Canada,,Sometimes,No,Very difficult,Some of them,Yes
2014-08-27,30,Male,United States,FL,Sometimes,Yes,Don't know,Yes,Yes
2014-08-27,29,Male,Poland,,Rarely,No,Very difficult,Some of them,Yes
2014-08-27,43,Male,Canada,,,No,Somewhat easy,Yes,Yes
2014-08-27,32,Male,United States,NV,,No,Very easy,Yes,Yes
2014-08-27,41,Male,United States,AL,Sometimes,Yes,Very easy,Yes,Yes
2014-08-27,32,Male,United Kingdom,,Sometimes,Don't know,Very easy,Some of them,Yes
2014-08-27,37,Female,United States,CA,Often,Yes,Don't know,Some of them,Yes
2014-08-27,32,Male,United States,CO,Never,No,Very easy,Yes,Yes
2014-08-27,30,Male,Ireland,,Sometimes,No,Somewhat difficult,Some of them,Yes
2014-08-27,23,Female,United States,MN,Never,Yes,Don't know,Yes,No
2014-08-27,30,Male,United States,NJ,,Yes,Very easy,Yes,Yes
2014-08-27,34,Male,United Kingdom,,Sometimes,No,Somewhat easy,Some of them,Yes
2014-08-27,38,Male,United States,PA,Rarely,Yes,Don't know,No,Yes
2014-08-27,33,Male,Canada,,,Yes,Don't know,Yes,Yes
2014-08-27,34,Male,United States,MO,,Yes,Don't know,No,No
2014-08-27,28,Male,Colombia,,Sometimes,No,Somewhat easy,Some of them,Yes
2014-08-27,28,Male,United States,MN,Rarely,Yes,Very easy,Some of them,No
2014-08-27,23,Male,United States,PA,Sometimes,Don't know,Don't know,No,Yes
2014-08-27,22,Male,Australia,,Sometimes,Don't know,Somewhat easy,Yes,Yes
2014-08-27,27,Male,Portugal,,Never,No,Don't know,No,Yes
2014-08-27,18,Male,United States,TX,Sometimes,Don't know,Don't know,No,Yes
2014-08-27,35,Male,United States,NY,Sometimes,Yes,Somewhat difficult,Some of them,Yes
2014-08-27,25,Male,Canada,,,Don't know,Don't know,Some of them,No
2014-08-27,27,Male,United Kingdom,,Sometimes,No,Somewhat easy,Yes,Yes
2014-08-27,26,Female,United States,WA,Rarely,Yes,Don't know,Some of them,Yes
2014-08-27,18,Male,United States,WA,Never,Don't know,Very easy,Some of them,Yes
2014-08-27,38,Female,United States,TX,Sometimes,No,Don't know,No,Yes
2014-08-27,26,Female,United States,TX,Rarely,Yes,Somewhat easy,No,Yes
2014-08-27,30,Male,Switzerland,,Never,No,Somewhat easy,Yes,Yes
2014-08-27,35,Male,United States,CA,Never,Don't know,Don't know,Some of them,Yes
2014-08-27,45,Male,United States,NY,Sometimes,Yes,Don't know,Some of them,Yes
2014-08-27,32,Male,United States,CA,Never,Yes,Don't know,Some of them,Yes
2014-08-27,56,Male,United States,,Never,Yes,Don't know,Some of them,Yes
2014-08-27,24,Female,United States,CA,,Don't know,Don't know,No,Yes
2014-08-27,30,Female,United States,SC,Sometimes,Yes,Very easy,Yes,Yes
2014-08-27,60,Male,United States,CA,,Yes,Don't know,Yes,Yes
2014-08-27,33,Male,United States,CA,Sometimes,Yes,Don't know,No,Yes
2014-08-27,37,Male,United States,NY,Never,Yes,Don't know,Yes,Yes
2014-08-27,23,Female,United States,NY,Sometimes,Yes,Don't know,Some of them,Yes
2014-08-27,31,Female,United States,CA,Sometimes,Yes,Somewhat easy,Yes,Yes
2014-08-27,26,Male,United States,MA,Rarely,Yes,Don't know,Yes,Yes
2014-08-27,28,Female,United States,WA,Often,Yes,Somewhat easy,Yes,No
2014-08-27,37,Female,United States,CA,Rarely,Yes,Somewhat easy,Yes,Yes
2014-08-27,26,Male,Canada,,Often,Yes,Don't know,Some of them,Yes
2014-08-27,30,Other,United States,IL,Rarely,Yes,Somewhat easy,Yes,Yes
2014-08-27,26,Male,United States,IN,,No,Don't know,Some of them,Yes
2014-08-27,25,Male,United States,OR,,Don't know,Don't know,Yes,Yes
2014-08-27,27,Male,United States,TN,Sometimes,Yes,Don't know,Yes,Yes
2014-08-27,25,Male,Canada,,Often,Don't know,Somewhat difficult,No,No
2014-08-27,35,Male,United States,OR,Rarely,Yes,Don't know,Yes,Yes
2014-08-27,36,Male,United States,WA,Never,No,Somewhat easy,Yes,Yes
2014-08-27,26,Male,United States,CA,Sometimes,Yes,Don't know,No,Yes
2014-08-27,27,Male,United States,CA,,Don't know,Very easy,Yes,Yes
2014-08-27,30,Male,United States,VT,,Don't know,Don't know,Some of them,No
2014-08-27,29,Male,United States,NY,,Don't know,Don't know,No,No
2014-08-27,25,Male,United States,UT,Never,Yes,Very easy,Yes,No
2014-08-27,22,Female,United States,NY,Often,Yes,Somewhat easy,Some of them,Yes
2014-08-27,29,Male,Latvia,NY,,No,Somewhat easy,Some of them,Yes
2014-08-27,41,Male,United States,SD,Rarely,Yes,Somewhat easy,Yes,Yes
2014-08-27,29,Male,United States,CA,Sometimes,Yes,Don't know,Some of them,Yes
2014-08-27,32,Male,United States,OR,Never,Yes,Somewhat easy,Yes,Yes
2014-08-27,24,Female,United States,CA,Sometimes,Yes,Don't know,No,Yes
2014-08-27,25,Male,United States,CA,Rarely,Yes,Don't know,No,Yes
2014-08-27,25,Male,United States,CA,,Don't know,Don't know,No,Yes
2014-08-27,30,Female,United States,CO,Never,Yes,Somewhat easy,Some of them,Yes
2014-08-27,25,Male,United States,CA,Sometimes,Don't know,Don't know,Yes,Yes
2014-08-27,30,Male,United States,OH,Never,No,Don't know,Some of them,Yes
2014-08-27,33,Male,Germany,,Rarely,No,Somewhat difficult,No,No
2014-08-27,24,Male,United States,WA,,Yes,Very easy,Some of them,Yes
2014-08-27,25,Male,Canada,,Sometimes,Yes,Don't know,No,Yes
2014-08-27,31,Male,United States,OH,,Don't know,Somewhat easy,No,No
2014-08-27,45,Male,Ireland,,Often,No,Very difficult,No,Yes
2014-08-27,29,Male,Romania,,,No,Don't know,Some of them,No
2014-08-27,46,Male,United States,WA,Never,Yes,Very easy,Some of them,Yes
2014-08-27,30,Male,United Kingdom,,Sometimes,Don't know,Don't know,No,Yes
2014-08-27,29,Female,United States,CA,Sometimes,Yes,Very easy,Some of them,Yes
2014-08-27,24,Male,United States,MA,,Yes,Don't know,No,Yes
2014-08-27,29,Male,United States,WA,,Yes,Very easy,Yes,Yes
2014-08-27,35,Male,United States,MI,,Don't know,Don't know,Yes,No
2014-08-27,33,Female,United States,WA,Sometimes,No,Very difficult,Some of them,Yes
2014-08-27,27,Male,United States,CA,Sometimes,Don't know,Very easy,No,Yes
2014-08-27,36,Male,United States,IA,,Don't know,Don't know,Some of them,Yes
2014-08-27,33,Male,United Kingdom,,Rarely,Don't know,Don't know,No,Yes
2014-08-27,25,Female,United States,WA,Sometimes,Yes,Don't know,Yes,Yes
2014-08-27,23,Male,United States,AL,Sometimes,Don't know,Don't know,Yes,No
2014-08-27,54,Male,United States,CA,Never,Don't know,Don't know,Yes,Yes
2014-08-27,22,Male,United States,CA,Sometimes,Don't know,Don't know,No,Yes
2014-08-27,25,Other,United States,CA,Sometimes,Yes,Don't know,Some of them,Yes
2014-08-27,29,Male,Belgium,,Often,Don't know,Don't know,Yes,No
2014-08-27,27,Male,United States,MA,Sometimes,Yes,Don't know,No,Yes
2014-08-27,30,Male,United Kingdom,,Never,No,Very easy,Yes,Yes
2014-08-27,26,Male,United States,CA,Often,Yes,Don't know,No,Yes
2014-08-27,25,Female,Sweden,,Sometimes,Yes,Somewhat easy,Yes,Yes
2014-08-27,31,Male,United States,CA,Sometimes,No,Don't know,No,No
2014-08-27,33,Male,United States,IN,Sometimes,Don't know,Don't know,Some of them,Yes
2014-08-27,34,Male,United States,WA,Sometimes,Yes,Don't know,No,Yes
2014-08-27,34,Male,United States,WA,Sometimes,No,Somewhat easy,Some of them,Yes
2014-08-27,29,Male,United States,IN,,No,Very easy,Yes,Yes
2014-08-27,33,Other,United States,WA,,No,Somewhat difficult,Some of them,Yes
2014-08-27,34,Male,Germany,,Rarely,No,Somewhat difficult,Yes,Yes
2014-08-27,26,Male,United States,OK,Rarely,No,Don't know,Yes,No
2014-08-27,32,Male,United States,MI,Rarely,Yes,Don't know,Yes,No
2014-08-27,329,Male,United States,OH,Often,Yes,Don't know,No,Yes
2014-08-27,28,Male,United States,GA,Sometimes,Don't know,Somewhat difficult,No,Yes
2014-08-27,35,Male,United States,CA,,Yes,Very easy,Yes,Yes
2014-08-27,36,Male,United States,,Often,No,Very easy,Some of them,Yes
2014-08-27,21,Male,United States,IN,Rarely,Yes,Don't know,Yes,Yes
2014-08-27,21,Male,United Kingdom,,Sometimes,Don't know,Very easy,No,No
2014-08-27,22,Female,United States,WA,,Yes,Somewhat easy,Some of them,Yes
2014-08-27,41,Male,United States,WA,Often,Yes,Somewhat difficult,Some of them,Yes
2014-08-27,55,Male,United States,PA,Rarely,Yes,Very easy,Yes,Yes
2014-08-27,32,Female,United States,WA,Sometimes,Yes,Somewhat easy,Yes,Yes
2014-08-27,21,Female,United States,CA,Rarely,Don't know,Somewhat easy,No,Yes
2014-08-27,45,Male,United States,MA,Never,Yes,Don't know,Some of them,Yes
2014-08-27,27,Female,United States,WA,Rarely,Yes,Don't know,No,Yes
2014-08-27,25,Female,United States,WA,Sometimes,Don't know,Don't know,Yes,Yes
2014-08-27,34,Other,United States,NY,Rarely,Yes,Very difficult,Some of them,No
2014-08-27,26,Female,United States,CA,Never,Yes,Don't know,No,Yes
2014-08-27,41,Male,Canada,,Never,Yes,Somewhat easy,Some of them,Yes
2014-08-27,27,Male,United States,CA,Rarely,Yes,Don't know,Yes,Yes
2014-08-27,31,Other,United States,IN,Sometimes,Yes,Don't know,Yes,Yes
2014-08-27,25,Male,Germany,,Often,No,Somewhat easy,Yes,Yes
2014-08-27,26,Male,United States,NV,Sometimes,Don't know,Don't know,No,Yes
2014-08-27,27,Female,United States,CO,Rarely,Yes,Don't know,Yes,Yes
2014-08-27,42,Male,New Zealand,,Never,Don't know,Don't know,Yes,Yes
2014-08-27,29,Other,United States,CA,Sometimes,Yes,Very difficult,No,Yes
2014-08-27,25,Female,United States,CA,Sometimes,Don't know,Somewhat difficult,No,Yes
2014-08-27,33,Female,Sweden,,Rarely,Yes,Don't know,No,Yes
2014-08-27,99999999999,Other,Zimbabwe,,Often,No,Very difficult,No,Yes
2014-08-27,40,Female,United States,PA,Rarely,Yes,Somewhat easy,No,No
2014-08-27,31,Male,United States,SC,Never,Don't know,Somewhat easy,No,Yes
2014-08-27,26,Male,Canada,,Often,Don't know,Very easy,Yes,Yes
2014-08-27,24,Female,United States,TX,,No,Very difficult,No,No
2014-08-27,29,Male,United States,TX,Never,Yes,Don't know,Some of them,No
2014-08-27,48,Male,United Kingdom,,,Don't know,Don't know,No,Yes
2014-08-27,35,Male,United Kingdom,,Sometimes,No,Very difficult,Yes,Yes
2014-08-27,32,Female,United States,AL,Never,Don't know,Don't know,Some of them,Yes
2014-08-27,29,Male,Canada,,Sometimes,Don't know,Somewhat easy,Some of them,Yes
2014-08-27,26,Male,United States,OR,Often,Yes,Somewhat difficult,Yes,Yes
2014-08-27,28,Male,United States,NJ,Sometimes,Yes,Don't know,No,Yes
2014-08-27,23,Male,United States,CA,,Don't know,Don't know,Yes,Yes
2014-08-27,35,Male,United States,CA,Sometimes,Yes,Very difficult,Some of them,Yes
2014-08-27,29,Male,Germany,,Sometimes,Don't know,Very easy,Some of them,Yes
2014-08-27,26,Male,United States,CA,,Yes,Very easy,Yes,Yes
2014-08-27,33,Male,United States,NH,Never,Yes,Don't know,Some of them,Yes
2014-08-27,33,Male,United States,CA,,Don't know,Don't know,No,Yes
2014-08-27,22,Male,Brazil,,Never,Don't know,Somewhat easy,Yes,Yes
2014-08-27,30,Female,Spain,,,No,Don't know,No,Yes
2014-08-27,33,Male,United States,OH,Often,Yes,Somewhat easy,No,Yes
2014-08-27,31,Female,United States,OH,Rarely,Don't know,Very difficult,No,No
2014-08-27,21,Male,United States,MA,Never,Don't know,Don't know,Some of them,Yes
2014-08-27,31,Other,United Kingdom,,Sometimes,Don't know,Don't know,No,Yes
2014-08-27,26,Female,United States,OK,Sometimes,Don't know,Somewhat difficult,Some of them,Yes
2014-08-27,30,Male,United States,CA,Often,Don't know,Somewhat easy,Yes,Yes
2014-08-27,30,Other,Germany,,Sometimes,Don't know,Somewhat difficult,Yes,Yes
2014-08-27,23,Male,India,,,No,Don't know,Yes,Yes
2014-08-27,34,Male,Finland,,Never,No,Somewhat easy,Yes,Yes
2014-08-27,55,Male,United States,ID,Sometimes,No,Don't know,No,Yes
2014-08-27,28,Male,Germany,,Rarely,Yes,Very easy,Yes,Yes
2014-08-27,26,Male,Uruguay,,,Don't know,Don't know,No,Yes
2014-08-27,28,Male,New Zealand,,Sometimes,Yes,Very easy,Yes,Yes
2014-08-27,32,Male,United Kingdom,,Sometimes,No,Somewhat easy,Yes,Yes
2014-08-27,28,Female,United States,NY,Rarely,Yes,Don't know,No,No
2014-08-27,21,Male,United States,CA,Sometimes,Don't know,Don't know,Some of them,No
2014-08-27,24,Male,United States,TX,Sometimes,No,Somewhat difficult,Some of them,Yes
2014-08-27,26,Female,United States,MD,,Yes,Don't know,No,No
2014-08-27,23,Male,United States,IN,,Yes,Don't know,No,No
2014-08-27,24,Female,United States,OR,,Yes,Somewhat easy,Some of them,Yes
2014-08-27,28,Male,Canada,,Never,Don't know,Somewhat easy,Yes,Yes
2014-08-27,24,Female,United States,NY,Rarely,No,Very easy,Some of them,Yes
2014-08-27,33,Male,United States,MS,Often,No,Somewhat easy,Some of them,Yes
2014-08-27,34,Male,United States,NJ,Sometimes,Don't know,Don't know,Yes,Yes
2014-08-27,27,Female,United States,CA,Sometimes,Don't know,Somewhat difficult,Some of them,Yes
2014-08-27,28,Male,United States,TN,Never,Don't know,Don't know,Yes,Yes
2014-08-27,26,Male,United States,WA,,Don't know,Don't know,Yes,Yes
2014-08-27,20,Male,Australia,,,Don't know,Very easy,Yes,Yes
2014-08-27,23,Female,United States,MA,Sometimes,Yes,Don't know,No,Yes
2014-08-27,29,Male,United States,PA,Rarely,Yes,Somewhat easy,Yes,Yes
2014-08-27,26,Male,United Kingdom,,Sometimes,No,Don't know,No,Yes
2014-08-27,36,Male,United States,KY,Rarely,Yes,Somewhat easy,No,Yes
2014-08-27,41,Male,United States,PA,Sometimes,Yes,Don't know,Yes,Yes
2014-08-27,33,Female,United States,MA,,Yes,Don't know,Yes,Yes
2014-08-27,23,Male,Canada,,Sometimes,Yes,Very easy,Yes,Yes
2014-08-27,39,Male,United States,CA,Often,Yes,Don't know,Some of them,Yes
2014-08-27,34,Male,United States,VT,,Yes,Don't know,Some of them,Yes
2014-08-27,26,Female,United States,CA,Sometimes,Yes,Somewhat difficult,Some of them,Yes
2014-08-27,24,Male,United States,AZ,Rarely,Yes,Don't know,Yes,Yes
2014-08-27,37,Male,Canada,,Rarely,Yes,Don't know,Some of them,No
2014-08-27,43,Male,United States,MA,Often,Yes,Very easy,Yes,Yes
2014-08-27,40,Other,United States,VA,Never,Yes,Don't know,Some of them,Yes
2014-08-27,30,Male,United States,WA,Often,Yes,Very difficult,No,Yes
2014-08-27,34,Male,United States,CA,Sometimes,Don't know,Don't know,No,Yes
2014-08-27,27,Male,United States,OR,Sometimes,Don't know,Don't know,No,Yes
2014-08-27,36,Male,United States,MI,Sometimes,Don't know,Somewhat easy,Yes,Yes
2014-08-27,27,Male,Brazil,,Rarely,No,Somewhat easy,Some of them,Yes
2014-08-27,35,Male,Netherlands,,Never,Yes,Don't know,No,Yes
2014-08-27,32,Male,United Kingdom,,Never,No,Don't know,No,Yes
2014-08-27,37,Male,United States,OR,,Yes,Don't know,Some of them,Yes
2014-08-27,29,Male,United Kingdom,,,Don't know,Don't know,Yes,Yes
2014-08-27,33,Other,United States,CA,Never,Yes,Very easy,Yes,Yes
2014-08-27,28,Other,United States,UT,Sometimes,No,Somewhat easy,No,Yes
2014-08-27,26,Female,United States,CA,Never,Don't know,Somewhat difficult,No,Yes
2014-08-27,27,Male,United States,TX,Sometimes,Don't know,Somewhat easy,Yes,Yes
2014-08-27,38,Male,United Kingdom,,Sometimes,No,Somewhat easy,Yes,Yes
2014-08-27,57,Male,United States,CA,Rarely,Yes,Don't know,Yes,Yes
2014-08-27,28,Male,United Kingdom,,Sometimes,No,Very difficult,Some of them,Yes
2014-08-27,26,Male,France,,Never,No,Don't know,Yes,Yes
2014-08-27,42,Female,Netherlands,,Rarely,Yes,Don't know,No,Yes
2014-08-27,31,Male,United States,OR,Sometimes,Yes,Very easy,Yes,Yes
2014-08-27,58,Male,United States,CA,Rarely,Yes,Somewhat easy,Yes,Yes
2014-08-27,29,Male,United States,OH,Sometimes,Don't know,Very difficult,No,Yes
2014-08-27,39,Female,United Kingdom,,Sometimes,Yes,Don't know,Some of them,Yes
2014-08-27,34,Male,United States,OH,Sometimes,Don't know,Very difficult,Yes,Yes
2014-08-27,57,Male,United States,CA,Sometimes,Yes,Don't know,No,Yes
2014-08-27,27,Male,Germany,,Sometimes,No,Somewhat difficult,No,Yes
2014-08-27,23,Male,Germany,,Often,Don't know,Don't know,Yes,Yes
2014-08-27,18,Male,Finland,,,Don't know,Very easy,No,No
2014-08-27,30,Female,United States,NY,,Don't know,Don't know,Yes,Yes
2014-08-27,23,Male,United States,VA,Never,Don't know,Don't know,Yes,No
2014-08-27,43,Male,United States,CA,Sometimes,Yes,Somewhat easy,No,Yes
2014-08-27,18,Female,United Kingdom,,Sometimes,Don't know,Don't know,Some of them,Yes
2014-08-27,29,Male,United States,IL,Rarely,Yes,Don't know,No,Yes
2014-08-27,48,Male,United States,TX,Never,Don't know,Don't know,No,Yes
2014-08-27,43,Male,Germany,,Sometimes,No,Somewhat easy,Some of them,No
2014-08-27,28,Female,United States,NY,Sometimes,Don't know,Don't know,No,Yes
2014-08-27,30,Male,United States,CA,Often,No,Very easy,Yes,Yes
2014-08-27,26,Male,Israel,MD,Sometimes,No,Very easy,Yes,Yes
2014-08-27,33,Male,Italy,,Never,No,Don't know,Some of them,No
2014-08-27,31,Male,United States,CA,,Yes,Don't know,Some of them,Yes
2014-08-27,30,Male,United States,PA,Rarely,Don't know,Don't know,Some of them,No
2014-08-27,27,Male,Israel,,,No,Somewhat difficult,No,Yes
2014-08-27,24,Female,United States,CA,Sometimes,No,Don't know,Some of them,Yes
2014-08-27,25,Male,United States,WA,,Don't know,Don't know,No,Yes
2014-08-27,23,Female,United States,NY,Often,Yes,Don't know,Some of them,Yes
2014-08-27,36,Male,United States,TX,Sometimes,Yes,Somewhat difficult,No,No
2014-08-27,25,Female,United States,CA,Often,Don't know,Somewhat difficult,No,Yes
2014-08-27,54,Male,United Kingdom,,Sometimes,No,Very easy,Yes,No
2014-08-27,34,Male,Netherlands,,Rarely,Don't know,Somewhat easy,Some of them,Yes
2014-08-27,38,Female,United States,AZ,,Yes,Don't know,No,Yes
2014-08-27,40,Male,Ireland,,,No,Don't know,No,Yes
2014-08-27,32,Male,United Kingdom,,,No,Don't know,Some of them,Yes
2014-08-27,25,Male,Germany,,Never,Don't know,Don't know,Yes,No
2014-08-27,35,Female,United States,OH,Sometimes,No,Don't know,No,Yes
2014-08-27,46,Male,United States,CA,Sometimes,Yes,Don't know,No,Yes
2014-08-27,42,Male,United States,KS,Never,Yes,Very difficult,Yes,No
2014-08-27,32,Male,United Kingdom,,Sometimes,Yes,Don't know,Yes,Yes
2014-08-27,47,Male,United States,CA,Sometimes,Yes,Very easy,Yes,Yes
2014-08-27,22,Male,United States,CA,,Yes,Don't know,Yes,Yes
2014-08-27,33,Female,United States,NY,Sometimes,Yes,Very easy,Some of them,Yes
2014-08-27,25,Female,United States,WA,Sometimes,No,Somewhat easy,No,Yes
2014-08-27,29,Male,United States,CA,,Don't know,Don't know,No,Yes
2014-08-27,39,Male,United States,WA,Never,Yes,Very easy,Yes,Yes
2014-08-27,38,Male,United States,VA,Sometimes,Yes,Don't know,No,Yes
2014-08-27,43,Male,United States,NC,,Don't know,Don't know,No,Yes
2014-08-27,46,Male,United States,OH,Rarely,Yes,Don't know,Yes,Yes
2014-08-27,38,Female,United States,PA,Sometimes,Yes,Very easy,Yes,No
2014-08-27,33,Male,Germany,,Sometimes,Yes,Very easy,Some of them,Yes
2014-08-27,34,Male,United Kingdom,,Often,No,Very easy,Yes,Yes
2014-08-27,62,Male,United States,CA,Never,Yes,Don't know,Yes,Yes
2014-08-27,23,Female,United States,TX,,Don't know,Don't know,Some of them,No
2014-08-27,35,Male,United States,AZ,,No,Don't know,No,No
2014-08-27,25,Male,Bosnia and Herzegovina,,Rarely,Don't know,Don't know,No,Yes
2014-08-27,36,Male,United States,IL,Sometimes,Don't know,Somewhat difficult,Yes,Yes
2014-08-27,41,Female,United States,,Rarely,Yes,Very easy,Some of them,Yes
2014-08-27,24,Male,Austria,,Sometimes,Yes,Somewhat easy,Some of them,Yes
2014-08-27,51,Male,New Zealand,,Sometimes,No,Somewhat difficult,No,Yes
2014-08-27,29,Male,United States,NC,Sometimes,Yes,Very easy,Some of them,Yes
2014-08-27,31,Female,Canada,,Sometimes,Don't know,Don't know,Yes,Yes
2014-08-27,27,Male,United Kingdom,,,No,Don't know,Yes,Yes
2014-08-27,31,Male,Australia,,Rarely,Yes,Somewhat easy,Yes,Yes
2014-08-27,27,Female,Hungary,,Sometimes,No,Very difficult,No,Yes
2014-08-27,23,Male,Sweden,,Rarely,Don't know,Very easy,Yes,Yes
2014-08-27,21,Male,Canada,,Never,Don't know,Don't know,No,Yes
2014-08-27,27,Female,Australia,,Sometimes,No,Somewhat difficult,Some of them,Yes
2014-08-27,39,Male,United States,WI,Often,Yes,Somewhat easy,Yes,Yes
2014-08-27,26,Male,United States,CA,Never,Don't know,Don't know,No,Yes
2014-08-27,27,Male,United Kingdom,,Never,Don't know,Don't know,Some of them,Yes
2014-08-27,22,Female,United States,CA,Sometimes,Yes,Don't know,Some of them,Yes
2014-08-27,26,Female,United States,MN,Often,Don't know,Somewhat difficult,No,No
2014-08-27,31,Female,United States,PA,Rarely,Yes,Somewhat easy,Yes,Yes
2014-08-27,32,Male,United Kingdom,,Never,Don't know,Don't know,Yes,Yes
2014-08-27,28,Female,United States,CA,Often,Yes,Don't know,Some of them,Yes
2014-08-27,28,Other,United Kingdom,,Rarely,No,Somewhat difficult,Some of them,Yes
2014-08-27,23,Female,United Kingdom,,,Don't know,Very easy,Some of them,Yes
2014-08-27,30,Male,United Kingdom,,Never,Don't know,Very easy,Yes,Yes
2014-08-27,36,Male,United States,CA,Sometimes,Yes,Somewhat difficult,Yes,Yes
2014-08-27,21,Male,United States,CA,,Yes,Don't know,Yes,Yes
2014-08-27,30,Male,Germany,,Often,No,Somewhat easy,Some of them,Yes
2014-08-27,25,Female,United States,CA,,Don't know,Don't know,Some of them,No
2014-08-27,32,Male,New Zealand,,Sometimes,No,Very easy,Yes,Yes
2014-08-27,29,Female,Canada,,Sometimes,No,Don't know,Some of them,Yes
2014-08-27,21,Other,United Kingdom,,Sometimes,No,Somewhat easy,Some of them,Yes
2014-08-27,27,Female,New Zealand,,Rarely,No,Somewhat easy,Some of them,Yes
2014-08-27,32,Female,Canada,,Often,Don't know,Don't know,Some of them,No
2014-08-27,34,Male,Australia,,Sometimes,Yes,Very easy,Yes,Yes
2014-08-27,33,Male,United States,NY,,Don't know,Don't know,No,Yes
2014-08-27,22,Male,Netherlands,,Sometimes,No,Somewhat easy,Yes,Yes
2014-08-27,24,Male,United States,CA,,Don't know,Don't know,Some of them,Yes
2014-08-27,65,Male,United States,FL,,No,Very easy,No,No
2014-08-27,27,Male,United States,OR,Sometimes,Don't know,Don't know,No,Yes
2014-08-27,33,Male,Australia,,Never,Don't know,Very easy,Yes,Yes
2014-08-27,36,Male,United States,CO,Rarely,Don't know,Don't know,Some of them,Yes
2014-08-27,40,Male,Canada,,Never,No,Somewhat difficult,Some of them,Yes
2014-08-27,28,Male,United States,GA,Sometimes,Yes,Somewhat difficult,No,Yes
2014-08-27,39,Male,United States,OR,Sometimes,Yes,Don't know,Yes,Yes
2014-08-27,32,Male,United States,CA,Sometimes,Yes,Somewhat easy,Some of them,Yes
2014-08-27,31,Male,United States,CA,Sometimes,Yes,Somewhat easy,Some of them,Yes
2014-08-27,38,Other,United States,PA,Sometimes,Don't know,Don't know,No,Yes
2014-08-27,23,Male,United States,CA,Rarely,No,Don't know,Yes,Yes
2014-08-27,42,Other,United States,CA,Often,Yes,Somewhat easy,Yes,Yes
2014-08-27,27,Female,United States,NY,Sometimes,Don't know,Don't know,Yes,Yes
2014-08-27,26,Female,United States,MA,Sometimes,Yes,Somewhat difficult,Yes,Yes
2014-08-27,50,Male,United States,,Never,No,Don't know,No,Yes
2014-08-27,37,Male,United States,PA,Never,Don't know,Somewhat easy,Yes,Yes
2014-08-27,23,Male,United States,RI,,Don't know,Don't know,Yes,Yes
2014-08-27,33,Male,United States,MI,Sometimes,Don't know,Very easy,Yes,Yes
2014-08-27,29,Male,Canada,,Never,Yes,Very difficult,No,Yes
2014-08-27,34,Male,United States,IL,Sometimes,Yes,Don't know,Some of them,No
2014-08-27,41,Male,United States,CA,Often,Yes,Don't know,Some of them,Yes
2014-08-27,50,Male,United States,OR,,Don't know,Don't know,Yes,Yes
2014-08-27,29,Male,Canada,,Never,Yes,Somewhat difficult,No,No
2014-08-27,35,Male,United States,IN,Never,No,Very easy,Yes,Yes
2014-08-27,27,Male,Singapore,,Sometimes,No,Don't know,Yes,Yes
2014-08-27,40,Female,United States,MA,Never,Don't know,Somewhat easy,Yes,No
2014-08-27,27,Male,Australia,,Often,No,Don't know,No,Yes
2014-08-27,29,Female,United States,MI,Never,Yes,Don't know,Some of them,Yes
2014-08-27,31,Male,United States,OH,Sometimes,No,Somewhat easy,Yes,Yes
2014-08-27,43,Male,United States,OH,Sometimes,No,Somewhat easy,Yes,Yes
2014-08-27,34,Male,United States,NH,Sometimes,Yes,Don't know,Some of them,Yes
2014-08-27,29,Male,United States,OH,Sometimes,Don't know,Somewhat difficult,Some of them,Yes
2014-08-27,19,Male,Canada,,Sometimes,No,Don't know,No,Yes
2014-08-27,41,Male,United States,TN,Sometimes,Yes,Don't know,Some of them,Yes
2014-08-27,29,Male,United States,OR,Never,Yes,Don't know,Yes,Yes
2014-08-27,23,Male,United States,PA,Rarely,Yes,Don't know,Some of them,Yes
2014-08-27,24,Female,United States,,Sometimes,Yes,Somewhat difficult,No,Yes
2014-08-27,31,Male,United States,NY,,Don't know,Don't know,No,Yes
2014-08-27,43,Male,United States,WA,,Don't know,Don't know,Yes,Yes
2014-08-27,31,Male,United States,NY,Rarely,No,Somewhat difficult,No,Yes
2014-08-27,29,Male,United States,CA,Often,Yes,Don't know,Yes,Yes
2014-08-27,35,Male,United States,TN,,No,Very easy,Yes,Yes
2014-08-27,33,Male,United States,WI,Sometimes,Yes,Somewhat difficult,No,No
2014-08-27,30,Other,United States,WI,Often,No,Somewhat difficult,Yes,No
2014-08-27,27,Male,United States,PA,,Yes,Don't know,No,Yes
2014-08-27,32,Male,United States,MI,Sometimes,No,Don't know,Some of them,Yes
2014-08-27,50,Male,United States,WY,Sometimes,Don't know,Don't know,Some of them,Yes
2014-08-27,24,Male,United States,KY,Never,Don't know,Don't know,No,No
2014-08-27,27,Male,United States,NY,,Don't know,Don't know,Yes,Yes
2014-08-27,27,Male,Australia,,Never,No,Don't know,No,Yes
2014-08-27,32,Male,United States,TX,Sometimes,No,Somewhat easy,Yes,Yes
2014-08-27,42,Male,United States,WI,Rarely,No,Very easy,Yes,No
2014-08-27,37,Male,United States,WA,Often,Don't know,Don't know,No,No
2014-08-27,30,Male,Singapore,,Sometimes,Don't know,Somewhat easy,No,Yes
2014-08-28,29,Male,United States,WA,Rarely,Yes,Very easy,No,Yes
2014-08-28,30,Male,United States,GA,Often,No,Somewhat difficult,Yes,Yes
2014-08-28,35,Male,United States,MI,Never,Yes,Don't know,Some of them,Yes
2014-08-28,35,Male,United States,MD,Rarely,Yes,Very difficult,No,No
2014-08-28,38,Male,Netherlands,,Often,No,Don't know,Some of them,Yes
2014-08-28,22,Male,United Kingdom,,Sometimes,Yes,Very easy,Yes,Yes
2014-08-28,24,Male,Germany,,Sometimes,Don't know,Somewhat easy,Some of them,Yes
2014-08-28,22,Male,Netherlands,,Never,Don't know,Don't know,Yes,Yes
2014-08-28,31,Female,United States,WA,Often,Yes,Very easy,Some of them,Yes
2014-08-28,23,Female,United States,CA,Sometimes,Yes,Somewhat easy,No,Yes
2014-08-28,31,Female,United States,OR,Sometimes,Don't know,Don't know,Some of them,Yes
2014-08-28,28,Female,United States,CA,Rarely,Yes,Somewhat difficult,Some of them,Yes
2014-08-28,37,Other,Canada,,Sometimes,Yes,Somewhat difficult,Some of them,No
2014-08-28,34,Male,United States,CA,Sometimes,No,Somewhat easy,Some of them,Yes
2014-08-28,32,Other,Canada,,Sometimes,No,Very difficult,No,Yes
2014-08-28,28,Male,United States,MI,Sometimes,Yes,Don't know,Some of them,Yes
2014-08-28,24,Female,United Kingdom,,Sometimes,No,Don't know,Some of them,Yes
2014-08-28,56,Other,United States,MA,Rarely,Yes,Don't know,Some of them,Yes
2014-08-28,31,Male,Germany,,Sometimes,No,Very easy,Yes,Yes
2014-08-28,34,Female,United States,CA,Sometimes,Yes,Somewhat easy,Yes,Yes
2014-08-28,35,Male,Germany,,Rarely,Don't know,Very easy,Yes,No
2014-08-28,28,Male,Germany,,Never,No,Somewhat easy,Some of them,Yes
2014-08-28,36,Male,Poland,,Often,No,Somewhat easy,Yes,Yes
2014-08-28,30,Male,United Kingdom,,Often,No,Somewhat easy,Yes,Yes
2014-08-28,35,Male,United States,,,Yes,Very easy,Yes,Yes
2014-08-28,49,Male,Japan,,Sometimes,No,Somewhat difficult,No,Yes
2014-08-28,36,Male,Germany,,,Yes,Very easy,Yes,Yes
2014-08-28,35,Male,Germany,,,No,Very easy,Some of them,Yes
2014-08-28,29,Female,Australia,,Sometimes,Yes,Somewhat difficult,Some of them,No
2014-08-28,57,Male,United States,CA,Never,Yes,Somewhat difficult,No,Yes
2014-08-28,31,Female,Belgium,,Rarely,Yes,Don't know,No,No
2014-08-28,37,Male,Ireland,,Never,No,Don't know,No,Yes
2014-08-28,25,Male,Ireland,,Sometimes,No,Don't know,Some of them,Yes
2014-08-28,30,Male,Australia,,Sometimes,No,Very easy,Some of them,Yes
2014-08-28,26,Female,Australia,,Sometimes,No,Somewhat easy,Yes,No
2014-08-28,22,Female,Netherlands,,Often,No,Don't know,Some of them,Yes
2014-08-28,39,Male,United States,FL,Rarely,Don't know,Don't know,Some of them,No
2014-08-28,29,Male,United Kingdom,,Never,Don't know,Don't know,No,Yes
2014-08-28,54,Male,United Kingdom,,Sometimes,Don't know,Very easy,Yes,Yes
2014-08-28,34,Female,Australia,,Never,Don't know,Don't know,No,No
2014-08-28,32,Male,United States,WA,Never,Yes,Very easy,No,No
2014-08-28,25,Male,Nigeria,,,No,Don't know,Yes,Yes
2014-08-28,29,Male,Poland,,Rarely,No,Somewhat difficult,No,Yes
2014-08-28,32,Male,Germany,,Never,No,Don't know,Yes,Yes
2014-08-28,30,Male,United Kingdom,,Sometimes,Yes,Don't know,Yes,Yes
2014-08-28,31,Male,Germany,,,Don't know,Somewhat easy,Yes,Yes
2014-08-28,20,Female,Switzerland,,Rarely,Yes,Somewhat easy,Some of them,Yes
2014-08-28,27,Male,United Kingdom,,Never,Don't know,Don't know,Yes,Yes
2014-08-28,32,Male,United States,CA,Never,Don't know,Don't know,Some of them,Yes
2014-08-28,26,Male,Ireland,,Never,No,Somewhat difficult,Yes,Yes
2014-08-28,30,Male,Italy,,Sometimes,Don't know,Very easy,Some of them,No
2014-08-28,30,Male,Ireland,,Sometimes,No,Very difficult,No,Yes
2014-08-28,22,Male,India,,,Don't know,Very easy,Some of them,Yes
2014-08-28,24,Male,Ireland,,,Don't know,Don't know,No,Yes
2014-08-28,26,Male,Netherlands,,Never,No,Don't know,No,Yes
2014-08-28,43,Male,France,,,Don't know,Don't know,Yes,Yes
2014-08-28,26,Male,Russia,,Never,No,Somewhat difficult,No,Yes
2014-08-28,23,Male,United States,NC,Sometimes,Don't know,Don't know,No,Yes
2014-08-28,26,Other,Canada,,,Yes,Somewhat easy,Some of them,Yes
2014-08-28,26,Female,Israel,,Never,Don't know,Don't know,No,Yes
2014-08-28,35,Male,Canada,,Sometimes,Don't know,Don't know,Some of them,Yes
2014-08-28,28,Male,United States,IL,Sometimes,Don't know,Don't know,Yes,No
2014-08-28,22,Male,India,,,No,Don't know,Yes,Yes
2014-08-28,29,Female,United States,OH,Rarely,Don't know,Don't know,No,Yes
2014-08-28,29,Male,Germany,,,No,Very easy,Yes,Yes
2014-08-28,45,Male,United States,VA,Often,Yes,Very easy,Yes,Yes
2014-08-28,33,Male,Bulgaria,,Rarely,No,Somewhat easy,Some of them,Yes
2014-08-28,38,Male,United States,MN,Sometimes,Yes,Don't know,Yes,No
2014-08-28,19,Other,United States,MO,Often,Don't know,Somewhat difficult,No,No
2014-08-28,29,Female,Canada,,Rarely,Yes,Somewhat easy,Yes,No
2014-08-28,21,Female,United Kingdom,,,No,Don't know,No,Yes
2014-08-28,23,Female,India,,Sometimes,Don't know,Don't know,No,Yes
2014-08-28,33,Female,United States,NC,Rarely,Yes,Somewhat easy,Yes,Yes
2014-08-28,49,Male,United States,NY,Sometimes,Yes,Somewhat easy,Yes,Yes
2014-08-28,28,Male,United States,NM,,Don't know,Don't know,No,Yes
2014-08-28,27,Female,United Kingdom,,Sometimes,Don't know,Very easy,Yes,Yes
2014-08-28,23,Male,Canada,,Sometimes,Yes,Somewhat easy,Some of them,Yes
2014-08-28,29,Male,Netherlands,,Never,No,Somewhat easy,Yes,Yes
2014-08-28,30,Male,Germany,,,Don't know,Somewhat easy,No,Yes
2014-08-28,28,Female,Canada,,,Yes,Somewhat easy,Yes,Yes
2014-08-28,32,Male,United Kingdom,,,No,Don't know,No,Yes
2014-08-28,32,Male,United Kingdom,,Sometimes,Yes,Very easy,Yes,No
2014-08-28,37,Male,France,,,No,Somewhat easy,Some of them,Yes
2014-08-28,39,Female,United States,TX,,No,Very difficult,No,No
2014-08-28,31,Male,France,,,Don't know,Don't know,No,Yes
2014-08-28,29,Male,United States,SC,,No,Somewhat difficult,No,Yes
2014-08-28,30,Male,United States,FL,,Yes,Don't know,Yes,No
2014-08-28,33,Male,United States,WA,Rarely,No,Very difficult,Yes,Yes
2014-08-28,37,Male,United States,CA,Sometimes,Yes,Don't know,Yes,Yes
2014-08-28,23,Male,United States,OH,Often,Yes,Somewhat easy,Yes,No
2014-08-28,43,Male,United States,TN,Sometimes,Yes,Somewhat easy,No,No
2014-08-28,32,Male,United Kingdom,,Rarely,Don't know,Don't know,Yes,Yes
2014-08-28,26,Male,United States,NY,Never,Don't know,Don't know,No,Yes
2014-08-28,32,Male,United States,NY,Sometimes,Don't know,Very easy,Yes,Yes
2014-08-28,37,Female,United States,MO,,Don't know,Don't know,No,Yes
2014-08-28,29,Male,United States,NY,Often,Yes,Very easy,Yes,Yes
2014-08-28,34,Male,United Kingdom,,,No,Somewhat easy,Yes,Yes
2014-08-28,27,Male,France,,,Don't know,Don't know,Yes,Yes
2014-08-28,30,Male,United States,TN,Never,Don't know,Very easy,Yes,Yes
2014-08-28,29,Male,United States,CO,Never,Yes,Don't know,Some of them,Yes
2014-08-28,32,Male,United States,PA,Sometimes,Yes,Very difficult,No,Yes
2014-08-28,-1726,Male,United Kingdom,,Sometimes,No,Somewhat difficult,No,No
2014-08-28,25,Male,Germany,,,Yes,Somewhat easy,Yes,Yes
2014-08-28,37,Male,United States,NY,,Yes,Somewhat easy,Yes,Yes
2014-08-28,29,Male,Netherlands,,,No,Very easy,Yes,Yes
2014-08-28,27,Other,United States,MN,,Yes,Don't know,Yes,Yes
2014-08-28,33,Male,United Kingdom,,,Don't know,Don't know,Some of them,Yes
2014-08-28,30,Male,Canada,,Sometimes,Don't know,Very difficult,No,No
2014-08-28,29,Male,Canada,,,No,Somewhat difficult,Yes,Yes
2014-08-28,25,Male,United States,MO,Never,Don't know,Don't know,Yes,Yes
2014-08-28,33,Male,United States,WY,Sometimes,No,Don't know,Yes,No
2014-08-28,31,Male,South Africa,,Never,No,Don't know,Some of them,Yes
2014-08-28,21,Male,Germany,,Rarely,Don't know,Very easy,Some of them,Yes
2014-08-28,30,Male,Switzerland,,Sometimes,Don't know,Very difficult,No,Yes
2014-08-28,29,Male,United States,MN,,Don't know,Don't know,Yes,No
2014-08-28,43,Male,Croatia,,Sometimes,No,Very difficult,No,Yes
2014-08-28,37,Male,United Kingdom,,Often,No,Don't know,Yes,Yes
2014-08-28,24,Male,France,,,No,Don't know,Some of them,Yes
2014-08-28,29,Male,United States,MD,,Don't know,Very easy,Yes,Yes
2014-08-28,31,Male,United States,KY,,Yes,Don't know,Yes,No
2014-08-28,5,Male,United States,OH,,Don't know,Somewhat easy,Yes,Yes
2014-08-28,33,Male,United Kingdom,,Never,No,Very easy,Some of them,No
2014-08-28,43,Male,United States,NY,,Yes,Don't know,Yes,No
2014-08-28,33,Male,United Kingdom,,Sometimes,Don't know,Don't know,No,Yes
2014-08-28,27,Male,United Kingdom,,,No,Don't know,Some of them,Yes
2014-08-28,36,Male,United States,TN,Sometimes,Don't know,Don't know,No,No
2014-08-28,37,Male,Australia,,Sometimes,No,Very easy,Yes,Yes
2014-08-28,32,Male,Belgium,,,No,Very difficult,No,Yes
2014-08-28,39,Male,United Kingdom,,Sometimes,No,Very easy,Some of them,Yes
2014-08-28,31,Male,United States,TX,Sometimes,Yes,Somewhat easy,Yes,Yes
2014-08-28,36,Male,United States,OH,Sometimes,Yes,Very difficult,Some of them,Yes
2014-08-28,30,Male,United States,TX,Sometimes,Don't know,Don't know,Some of them,Yes
2014-08-28,28,Male,Canada,,,Yes,Very easy,Yes,Yes
2014-08-28,32,Male,Italy,,,No,Somewhat difficult,No,Yes
2014-08-28,35,Male,United States,CA,Rarely,Yes,Very easy,Yes,Yes
2014-08-28,19,Male,Canada,,Sometimes,Don't know,Somewhat difficult,Yes,Yes
2014-08-28,33,Male,Norway,,,Yes,Very easy,Yes,Yes
2014-08-28,42,Male,Germany,,,Don't know,Very easy,No,Yes
2014-08-28,37,Male,United States,MI,Sometimes,Don't know,Don't know,Some of them,Yes
2014-08-28,40,Male,Thailand,,Never,No,Very easy,Yes,Yes
2014-08-28,36,Male,United States,CA,Never,Yes,Very easy,Yes,Yes
2014-08-28,29,Female,United States,OR,Sometimes,Don't know,Don't know,Yes,No
2014-08-28,38,Female,United States,NC,Sometimes,Yes,Don't know,No,No
2014-08-28,26,Male,United States,CA,Sometimes,Yes,Somewhat difficult,No,Yes
2014-08-28,34,Male,Germany,,Rarely,No,Somewhat easy,Some of them,Yes
2014-08-28,21,Male,United States,IL,Often,No,Don't know,Some of them,No
2014-08-28,31,Male,Canada,,Sometimes,No,Somewhat easy,No,Yes
2014-08-28,37,Female,United States,CA,Rarely,Yes,Don't know,Some of them,No
2014-08-28,37,Male,Ireland,,Sometimes,No,Very easy,Yes,Yes
2014-08-28,38,Male,Ireland,,Sometimes,No,Very difficult,No,Yes
2014-08-28,27,Female,United States,CA,Sometimes,Don't know,Somewhat easy,No,Yes
2014-08-28,39,Male,Netherlands,,,No,Somewhat easy,Yes,Yes
2014-08-28,33,Female,United States,AZ,Sometimes,Yes,Somewhat easy,No,Yes
2014-08-28,27,Male,United Kingdom,,Never,Don't know,Somewhat easy,No,Yes
2014-08-28,36,Female,United States,CA,Never,Yes,Don't know,Some of them,Yes
2014-08-28,28,Male,United Kingdom,,Never,Don't know,Somewhat easy,Yes,Yes
2014-08-28,39,Male,United Kingdom,,Sometimes,Don't know,Don't know,Some of them,No
2014-08-28,33,Male,United States,VA,Sometimes,No,Very easy,Yes,Yes
2014-08-28,32,Male,United Kingdom,,,Don't know,Don't know,Some of them,No
2014-08-28,28,Male,United Kingdom,,,Don't know,Don't know,Some of them,No
2014-08-28,37,Male,United Kingdom,,Rarely,No,Somewhat easy,Yes,Yes
2014-08-28,39,Male,Canada,,Sometimes,Yes,Very easy,Yes,No
2014-08-28,43,Other,United States,VA,Sometimes,Don't know,Don't know,No,Yes
2014-08-28,32,Other,United Kingdom,,Sometimes,Don't know,Don't know,Some of them,No
2014-08-28,27,Female,United States,WA,,Don't know,Don't know,Yes,Yes
2014-08-28,31,Female,United Kingdom,,,Don't know,Don't know,Yes,Yes
2014-08-28,43,Male,United Kingdom,,Never,Don't know,Don't know,Yes,Yes
2014-08-28,33,Male,United States,WI,Sometimes,No,Somewhat difficult,Yes,Yes
2014-08-28,34,Male,United Kingdom,,Sometimes,Don't know,Very easy,Yes,Yes
2014-08-28,33,Male,United States,CA,,Don't know,Don't know,Yes,Yes
2014-08-28,25,Male,United States,CA,,Don't know,Don't know,Yes,Yes
2014-08-28,25,Male,United States,NE,Sometimes,Yes,Don't know,Some of them,No
2014-08-28,32,Male,United Kingdom,,,No,Somewhat easy,Yes,Yes
2014-08-28,25,Male,United States,CO,Sometimes,Yes,Don't know,Some of them,Yes
2014-08-28,37,Male,Netherlands,,,Don't know,Somewhat easy,Yes,No
2014-08-28,39,Male,Switzerland,,Never,Yes,Somewhat easy,Some of them,Yes
2014-08-28,29,Male,United Kingdom,,Rarely,Don't know,Somewhat easy,Yes,Yes
2014-08-28,33,Male,United States,NY,Sometimes,Yes,Don't know,Some of them,Yes
2014-08-28,37,Female,United States,TX,Often,Don't know,Somewhat difficult,Some of them,Yes
2014-08-28,35,Female,United States,LA,Sometimes,Yes,Very difficult,Some of them,No
2014-08-28,22,Female,United States,WA,Sometimes,Don't know,Very difficult,Some of them,Yes
2014-08-28,38,Male,United States,MI,Never,Yes,Somewhat easy,Yes,Yes
2014-08-28,32,Female,United States,CA,Often,Yes,Don't know,Yes,Yes
2014-08-28,28,Male,Brazil,,,Don't know,Don't know,Yes,Yes
2014-08-28,27,Male,Switzerland,,,No,Don't know,Yes,Yes
2014-08-28,35,Female,United States,CA,Sometimes,Don't know,Very easy,No,Yes
2014-08-28,29,Male,United States,MD,Never,Yes,Very easy,Yes,No
2014-08-28,23,Male,United States,CA,Sometimes,No,Very easy,Yes,Yes
2014-08-28,39,Male,United States,CT,,Yes,Don't know,No,Yes
2014-08-28,30,Female,United States,CA,,Yes,Very easy,No,Yes
2014-08-28,32,Male,United Kingdom,,,Don't know,Somewhat easy,Some of them,Yes
2014-08-28,28,Other,United States,CA,Sometimes,No,Somewhat difficult,Some of them,Yes
2014-08-28,40,Female,United States,WA,Sometimes,Yes,Don't know,Yes,No
2014-08-28,36,Female,United States,CA,,Don't know,Don't know,Some of them,Yes
2014-08-28,27,Male,United States,IN,,Don't know,Very easy,Yes,Yes
2014-08-28,41,Male,United States,TX,Sometimes,Yes,Don't know,Some of them,Yes
2014-08-28,29,Male,United Kingdom,,Never,Don't know,Don't know,No,Yes
2014-08-28,29,Male,United Kingdom,,Sometimes,No,Somewhat difficult,Some of them,Yes
2014-08-28,35,Male,United States,MO,Often,No,Very difficult,Some of them,No
2014-08-28,28,Male,United States,NV,Never,No,Don't know,Some of them,Yes
2014-08-28,36,Female,United Kingdom,,Sometimes,Don't know,Don't know,No,Yes
2014-08-28,39,Female,United States,WA,Sometimes,Don't know,Don't know,No,Yes
2014-08-28,39,Male,United States,FL,Sometimes,Yes,Very difficult,Yes,Yes
2014-08-28,44,Male,United States,,Sometimes,No,Very easy,No,Yes
2014-08-28,26,Other,Germany,,Sometimes,No,Very easy,Some of them,Yes
2014-08-28,35,Male,Denmark,,Often,No,Somewhat easy,Some of them,Yes
2014-08-28,40,Female,United States,WA,Sometimes,Yes,Don't know,No,No
2014-08-28,35,Male,Denmark,,Often,No,Somewhat easy,Some of them,Yes
2014-08-28,38,Male,United States,IL,Never,No,Very difficult,No,Yes
2014-08-28,34,Male,United States,FL,,Don't know,Don't know,Yes,Yes
2014-08-28,43,Male,United States,MA,,Yes,Don't know,Yes,Yes
2014-08-28,48,Other,United States,CA,Often,Don't know,Very difficult,Some of them,Yes
2014-08-28,20,Male,United States,WA,Never,Don't know,Don't know,Yes,Yes
2014-08-28,40,Male,United States,MI,Sometimes,Don't know,Somewhat easy,No,Yes
2014-08-28,29,Female,United Kingdom,,Rarely,Don't know,Don't know,No,Yes
2014-08-28,35,Male,United States,MI,Sometimes,No,Don't know,Yes,No
2014-08-28,29,Male,United States,WI,Sometimes,Yes,Very easy,No,No
2014-08-28,40,Male,United States,CA,Never,Yes,Don't know,Some of them,Yes
2014-08-28,29,Male,Sweden,,Rarely,No,Very easy,Yes,Yes
2014-08-28,29,Female,United States,CA,Rarely,Yes,Don't know,Yes,Yes
2014-08-28,34,Male,United States,TX,Sometimes,No,Don't know,No,Yes
2014-08-28,44,Male,United Kingdom,,Sometimes,Don't know,Somewhat difficult,Yes,No
2014-08-28,24,Female,United States,NY,Often,Yes,Very easy,Yes,Yes
2014-08-28,47,Female,United States,PA,,Don't know,Very difficult,No,Yes
2014-08-28,43,Male,United Kingdom,,,Don't know,Very easy,Yes,No
2014-08-28,36,Male,United States,PA,Rarely,Yes,Somewhat difficult,Yes,Yes
2014-08-28,43,Male,United States,GA,Sometimes,Don't know,Very difficult,Yes,No
2014-08-28,36,Male,United Kingdom,,Sometimes,No,Somewhat difficult,Yes,Yes
2014-08-28,31,Female,United States,NY,Sometimes,Yes,Somewhat difficult,Yes,Yes
2014-08-28,35,Male,United States,CA,Sometimes,Don't know,Don't know,No,Yes
2014-08-28,33,Male,United States,TN,,Yes,Somewhat difficult,Some of them,No
2014-08-28,37,Male,Italy,,Sometimes,Don't know,Don't know,No,Yes
2014-08-28,34,Male,United States,TN,Sometimes,Don't know,Don't know,No,Yes
2014-08-28,36,Male,Netherlands,,Sometimes,No,Very easy,No,Yes
2014-08-28,40,Male,United States,TN,Sometimes,No,Very easy,Yes,Yes
2014-08-28,40,Male,United States,IL,Rarely,Yes,Don't know,Some of them,Yes
2014-08-28,42,Male,United States,WI,Sometimes,No,Somewhat easy,No,Yes
2014-08-28,23,Male,United States,KY,,Yes,Don't know,Some of them,Yes
2014-08-28,21,Male,United Kingdom,,Never,No,Somewhat easy,Some of them,No
2014-08-28,26,Male,Canada,,Sometimes,No,Very difficult,Some of them,Yes
2014-08-28,31,Male,United States,,,Don't know,Don't know,Some of them,Yes
2014-08-28,25,Male,United States,CA,,Yes,Very easy,Yes,Yes
2014-08-28,51,Male,United States,MN,Never,Yes,Very easy,Yes,Yes
2014-08-28,24,Male,United States,TN,,Don't know,Somewhat easy,Yes,Yes
2014-08-28,33,Male,United States,MN,,No,Don't know,Yes,Yes
2014-08-28,32,Male,United Kingdom,,Rarely,No,Don't know,No,No
2014-08-28,32,Male,United Kingdom,,Rarely,No,Don't know,No,No
2014-08-28,26,Male,United Kingdom,,Rarely,No,Somewhat difficult,Yes,Yes
2014-08-28,23,Male,United States,IL,Never,Don't know,Don't know,Some of them,No
2014-08-28,33,Male,United States,TN,Often,No,Very difficult,Yes,Yes
2014-08-28,46,Male,United States,IL,Rarely,Yes,Somewhat easy,No,No
2014-08-28,34,Male,United Kingdom,,,No,Somewhat difficult,No,Yes
2014-08-28,35,Male,United States,DC,Sometimes,Yes,Somewhat easy,Some of them,Yes
2014-08-28,39,Male,United States,KS,,No,Very difficult,Yes,Yes
2014-08-28,32,Male,Germany,,Sometimes,No,Somewhat easy,Some of them,Yes
2014-08-28,43,Male,Mexico,,,Don't know,Don't know,Yes,Yes
2014-08-28,56,Male,United States,CA,Rarely,Yes,Somewhat easy,Yes,Yes
2014-08-28,32,Female,United Kingdom,,Sometimes,Don't know,Somewhat difficult,Some of them,Yes
2014-08-28,41,Male,United Kingdom,,,Yes,Don't know,Some of them,No
2014-08-28,39,Male,United States,TN,,Don't know,Don't know,Yes,Yes
2014-08-28,37,Male,United States,OK,,Yes,Very easy,No,No
2014-08-28,30,Male,United States,CA,Sometimes,Don't know,Very difficult,No,Yes
2014-08-28,31,Male,United States,TN,,Yes,Somewhat easy,Some of them,Yes
2014-08-28,29,Male,United States,TX,,Don't know,Don't know,Some of them,No
2014-08-28,23,Female,United Kingdom,,Never,No,Somewhat easy,No,No
2014-08-28,31,Male,United States,CO,Never,Yes,Very easy,No,Yes
2014-08-28,29,Male,United States,TN,Sometimes,Don't know,Don't know,Some of them,Yes
2014-08-28,30,Other,United States,GA,Never,Yes,Very easy,Yes,Yes
2014-08-28,37,Male,United States,TN,Never,Yes,Don't know,Yes,Yes
2014-08-28,36,Male,United States,VA,Never,Yes,Somewhat difficult,Yes,Yes
2014-08-28,35,Male,United States,TN,Sometimes,Yes,Don't know,No,Yes
2014-08-28,41,Male,United States,DC,Never,Don't know,Don't know,No,No
2014-08-28,31,Male,United Kingdom,,Rarely,Don't know,Don't know,Yes,Yes
2014-08-28,38,Male,United Kingdom,,,Yes,Somewhat easy,Yes,No
2014-08-28,26,Male,India,,,No,Very easy,Yes,Yes
2014-08-28,39,Male,United States,TN,Sometimes,Yes,Don't know,Yes,Yes
2014-08-28,42,Male,United States,VA,Sometimes,Yes,Don't know,No,No
2014-08-28,32,Male,United States,TN,Rarely,No,Very difficult,No,Yes
2014-08-28,29,Male,United States,TN,,Don't know,Don't know,Yes,Yes
2014-08-28,30,Male,United States,TN,Never,Yes,Very difficult,No,Yes
2014-08-28,40,Male,United States,TN,Often,Don't know,Don't know,Some of them,Yes
2014-08-28,51,Male,United States,TN,,Don't know,Somewhat difficult,Yes,No
2014-08-28,33,Male,United States,IN,Never,Yes,Somewhat easy,Yes,Yes
2014-08-28,34,Male,Germany,,Sometimes,No,Somewhat difficult,Some of them,Yes
2014-08-28,50,Male,United States,VA,Never,No,Somewhat easy,Yes,Yes
2014-08-28,24,Male,United States,TX,Sometimes,Don't know,Somewhat easy,Yes,Yes
2014-08-28,25,Male,United States,TX,Rarely,No,Don't know,No,No
2014-08-28,43,Male,United Kingdom,,Rarely,No,Very difficult,No,Yes
2014-08-28,25,Female,United States,CA,Often,Yes,Very easy,Some of them,Yes
2014-08-28,24,Male,United Kingdom,,,No,Very easy,No,Yes
2014-08-28,51,Male,United States,CO,Never,No,Somewhat difficult,Some of them,Yes
2014-08-28,49,Male,United States,OR,Sometimes,Yes,Somewhat difficult,No,Yes
2014-08-28,30,Male,United States,OK,,Yes,Don't know,No,Yes
2014-08-28,25,Female,United States,OH,Sometimes,Yes,Don't know,No,Yes
2014-08-28,36,Male,United States,TN,Rarely,Yes,Don't know,No,Yes
2014-08-28,48,Male,United States,VA,Never,Yes,Don't know,Yes,Yes
2014-08-28,48,Male,Australia,,Sometimes,No,Somewhat easy,No,Yes
2014-08-28,53,Male,United States,OR,Rarely,Yes,Don't know,No,Yes
2014-08-28,24,Female,United Kingdom,,Often,No,Very easy,Yes,Yes
2014-08-28,33,Male,United States,OR,Sometimes,Don't know,Somewhat easy,Yes,Yes
2014-08-28,25,Female,Canada,,Sometimes,Yes,Somewhat easy,Yes,Yes
2014-08-28,30,Male,United Kingdom,,Sometimes,No,Somewhat difficult,No,Yes
2014-08-28,30,Male,United States,PA,Never,No,Somewhat easy,Some of them,Yes
2014-08-28,34,Male,United Kingdom,,Sometimes,No,Somewhat difficult,Some of them,Yes
2014-08-28,31,Male,United States,SC,,Yes,Very easy,Yes,Yes
2014-08-28,22,Female,United States,CA,Often,Don't know,Don't know,No,Yes
2014-08-28,28,Male,United States,TN,Sometimes,Don't know,Somewhat easy,Yes,Yes
2014-08-28,35,Male,United States,UT,Rarely,Yes,Somewhat difficult,Some of them,No
2014-08-28,28,Male,United States,CA,Sometimes,Yes,Don't know,Some of them,No
2014-08-28,42,Male,New Zealand,,Sometimes,No,Somewhat difficult,Some of them,No
2014-08-28,33,Male,United States,MO,,Yes,Very easy,Yes,Yes
2014-08-28,29,Male,United States,CA,Sometimes,Yes,Don't know,No,Yes
2014-08-28,43,Male,United States,,Sometimes,Yes,Don't know,Some of them,No
2014-08-28,29,Male,United States,NY,,Yes,Somewhat easy,Some of them,Yes
2014-08-28,25,Male,United States,TX,,Yes,Don't know,Yes,Yes
2014-08-28,31,Male,United States,MO,Never,Don't know,Very easy,Yes,Yes
2014-08-28,35,Female,United States,GA,Sometimes,Yes,Somewhat difficult,Yes,No
2014-08-28,34,Male,United States,TX,Often,Don't know,Very easy,Yes,Yes
2014-08-28,43,Other,United States,WA,Sometimes,Yes,Very difficult,No,Yes
2014-08-28,38,Male,United States,WA,Sometimes,No,Very difficult,Some of them,Yes
2014-08-28,26,Male,United States,WA,Sometimes,Don't know,Very difficult,Some of them,Yes
2014-08-28,38,Male,United Kingdom,,Rarely,No,Very difficult,No,No
2014-08-28,42,Male,United States,TX,Often,Don't know,Don't know,No,Yes
2014-08-28,33,Male,Netherlands,,,Don't know,Don't know,Yes,Yes
2014-08-28,32,Male,United States,WA,Rarely,Yes,Somewhat easy,Some of them,Yes
2014-08-28,44,Male,United States,WA,Sometimes,Yes,Somewhat difficult,Yes,Yes
2014-08-28,28,Male,United States,WA,Rarely,Yes,Don't know,No,Yes
2014-08-28,40,Male,United States,WA,Sometimes,Yes,Very difficult,Some of them,Yes
2014-08-28,31,Female,United States,AZ,Sometimes,Yes,Somewhat easy,Yes,Yes
2014-08-28,32,Male,United States,WA,Sometimes,Yes,Don't know,No,Yes
2014-08-28,28,Male,United States,WA,Sometimes,Don't know,Somewhat easy,No,Yes
2014-08-29,39,Male,United States,AZ,Often,Yes,Don't know,No,Yes
2014-08-29,45,Male,United States,NY,,Yes,Don't know,Some of them,No
2014-08-29,43,Male,United States,WA,Rarely,Yes,Somewhat easy,Yes,Yes
2014-08-29,35,Male,United States,CA,Sometimes,Yes,Very difficult,Some of them,Yes
2014-08-29,40,Male,United States,WA,Sometimes,Yes,Very easy,Some of them,Yes
2014-08-29,34,Male,Netherlands,,Rarely,No,Very easy,Yes,Yes
2014-08-29,24,Male,United Kingdom,,Often,Don't know,Somewhat easy,Yes,No
2014-08-29,61,Male,South Africa,,Sometimes,No,Very difficult,Yes,Yes
2014-08-29,36,Other,United States,WA,Rarely,Don't know,Don't know,No,Yes
2014-08-29,38,Male,United States,TN,,No,Don't know,Yes,Yes
2014-08-29,33,Male,Germany,,Often,Don't know,Somewhat easy,Yes,Yes
2014-08-29,30,Male,United States,WA,Never,Don't know,Don't know,No,No
2014-08-29,34,Male,Netherlands,,Rarely,Yes,Very easy,Some of them,Yes
2014-08-29,26,Male,United States,CA,Rarely,Yes,Don't know,Some of them,Yes
2014-08-29,33,Male,United Kingdom,,,Don't know,Don't know,Yes,Yes
2014-08-29,32,Male,United Kingdom,,,Don't know,Very easy,Yes,Yes
2014-08-29,25,Male,Germany,,Sometimes,No,Somewhat easy,Yes,Yes
2014-08-29,35,Male,Germany,,Sometimes,Don't know,Somewhat difficult,No,No
2014-08-29,24,Male,United Kingdom,,Often,Don't know,Don't know,Some of them,Yes
2014-08-29,55,Male,United Kingdom,,Often,Yes,Somewhat easy,Some of them,No
2014-08-29,33,Male,United Kingdom,,Sometimes,No,Very difficult,Some of them,Yes
2014-08-29,26,Female,United Kingdom,,Sometimes,No,Very easy,Yes,Yes
2014-08-29,25,Male,United Kingdom,,Never,Don't know,Very easy,Yes,Yes
2014-08-29,45,Male,United Kingdom,,Rarely,Don't know,Don't know,No,No
2014-08-29,33,Female,United Kingdom,,Sometimes,No,Very easy,Yes,Yes
2014-08-29,43,Male,United States,MI,Sometimes,No,Very difficult,No,Yes
2014-08-29,30,Male,United Kingdom,,Sometimes,No,Very difficult,No,Yes
2014-08-29,40,Male,United States,IN,Rarely,Don't know,Don't know,Yes,Yes
2014-08-29,49,Male,United States,GA,Never,Yes,Don't know,Yes,Yes
2014-08-29,29,Male,Germany,,,Don't know,Somewhat easy,Yes,Yes
2014-08-29,26,Male,Germany,,,Don't know,Don't know,Some of them,Yes
2014-08-29,38,Other,United States,WA,Never,Yes,Somewhat easy,Some of them,Yes
2014-08-29,27,Male,France,,,Yes,Somewhat easy,Some of them,No
2014-08-29,26,Male,Belgium,,Never,Yes,Somewhat easy,No,Yes
2014-08-29,28,Male,United Kingdom,,Often,No,Somewhat easy,Yes,Yes
2014-08-29,40,Male,United States,ME,Sometimes,No,Don't know,Yes,Yes
2014-08-29,37,Female,Canada,,Rarely,No,Somewhat easy,Some of them,Yes
2014-08-29,34,Female,United Kingdom,,Often,Yes,Somewhat easy,No,No
2014-08-29,28,Male,United States,NY,Often,Don't know,Don't know,Some of them,Yes
2014-08-29,27,Male,Canada,,Never,Yes,Very easy,Yes,Yes
2014-08-29,29,Male,United Kingdom,,Sometimes,No,Very easy,Yes,Yes
2014-08-29,39,Female,United Kingdom,,Rarely,Don't know,Somewhat difficult,No,Yes
2014-08-29,28,Male,United Kingdom,,Often,No,Somewhat difficult,No,Yes
2014-08-29,23,Male,United States,PA,Sometimes,Yes,Somewhat easy,No,Yes
2014-08-29,8,Other,"Bahamas, The",IL,Often,Yes,Very easy,Yes,Yes
2014-08-29,38,Male,United Kingdom,,,No,Somewhat easy,Yes,Yes
2014-08-29,19,Male,United Kingdom,,,Yes,Very easy,Yes,Yes
2014-08-29,30,Female,United States,IL,Sometimes,Yes,Very easy,No,Yes
2014-08-29,28,Male,United Kingdom,,,No,Very easy,No,Yes
2014-08-29,20,Male,India,,Sometimes,Don't know,Don't know,No,Yes
2014-08-29,35,Male,United Kingdom,,Sometimes,Don't know,Somewhat easy,Yes,Yes
2014-08-29,39,Male,United States,MN,Rarely,Yes,Very easy,Yes,Yes
2014-08-29,31,Female,United States,TX,Never,Yes,Don't know,No,No
2014-08-29,32,Male,United Kingdom,,Rarely,No,Don't know,No,Yes
2014-08-29,27,Male,Sweden,,,No,Don't know,No,Yes
2014-08-29,25,Male,United States,PA,Often,Yes,Somewhat easy,Yes,Yes
2014-08-29,42,Male,United States,IN,Sometimes,Don't know,Don't know,Yes,Yes
2014-08-29,34,Male,United States,PA,Often,Yes,Very easy,Yes,Yes
2014-08-29,26,Female,United States,OH,Sometimes,Don't know,Don't know,No,Yes
2014-08-29,35,Male,United Kingdom,,Sometimes,No,Very easy,Some of them,Yes
2014-08-29,34,Male,United Kingdom,,Never,Don't know,Very easy,Yes,Yes
2014-08-29,38,Male,United States,PA,Sometimes,Yes,Very easy,Yes,No
2014-08-29,34,Male,United States,SD,Sometimes,Don't know,Don't know,No,Yes
2014-08-29,39,Male,United States,IN,Sometimes,No,Somewhat easy,Yes,Yes
2014-08-29,44,Female,United States,CA,,Don't know,Don't know,No,Yes
2014-08-29,40,Male,United States,TN,,Yes,Don't know,Yes,No
2014-08-29,33,Female,United States,TX,Never,No,Somewhat easy,Some of them,Yes
2014-08-29,24,Female,United States,TN,Sometimes,Yes,Somewhat difficult,Some of them,No
2014-08-29,38,Female,United States,OR,Sometimes,Don't know,Don't know,Yes,Yes
2014-08-29,31,Male,United States,SD,Sometimes,Yes,Don't know,Some of them,Yes
2014-08-29,23,Male,Israel,,,Don't know,Very easy,Yes,Yes
2014-08-29,26,Female,United States,NY,,Don't know,Somewhat easy,Yes,Yes
2014-08-29,46,Other,United States,CT,Often,Yes,Don't know,Some of them,No
2014-08-29,30,Male,United States,CA,Sometimes,Yes,Don't know,No,Yes
2014-08-29,25,Male,United States,,Rarely,Don't know,Somewhat easy,Some of them,Yes
2014-08-29,19,Male,Canada,,Never,Don't know,Somewhat easy,Some of them,Yes
2014-08-29,30,Female,United States,GA,Sometimes,Yes,Somewhat easy,Some of them,No
2014-08-29,32,Male,United States,TN,Never,Yes,Somewhat easy,Yes,Yes
2014-08-29,32,Male,United Kingdom,,,No,Don't know,No,Yes
2014-08-29,37,Male,United States,IN,Sometimes,Don't know,Somewhat easy,Some of them,Yes
2014-08-29,42,Male,United States,CA,Sometimes,Don't know,Don't know,Some of them,Yes
2014-08-29,25,Female,United States,OR,Never,Yes,Don't know,Yes,Yes
2014-08-29,19,Male,United States,IN,Sometimes,Don't know,Don't know,Yes,Yes
2014-08-29,40,Female,United States,GA,Never,Yes,Don't know,No,Yes
2014-08-29,34,Male,United States,IN,,Yes,Don't know,Yes,No
2014-08-29,26,Male,United States,MN,,Don't know,Don't know,Yes,Yes
2014-08-29,31,Male,United States,MN,Rarely,Don't know,Don't know,Yes,Yes
2014-08-29,40,Male,United States,NC,Sometimes,Yes,Don't know,Some of them,No
2014-08-29,31,Female,United States,FL,Often,No,Very difficult,No,Yes
2014-08-29,36,Male,United States,MN,Never,Don't know,Don't know,No,No
2014-08-29,35,Male,Canada,,Sometimes,No,Don't know,Some of them,Yes
2014-08-29,26,Male,Australia,,Sometimes,No,Don't know,Yes,Yes
2014-08-29,44,Male,United States,MO,,Don't know,Don't know,No,No
2014-08-29,34,Female,United States,CA,Sometimes,No,Very easy,Yes,Yes
2014-08-29,35,Male,United States,OR,,No,Don't know,No,Yes
2014-08-29,28,Female,United States,OH,Sometimes,Don't know,Somewhat easy,Some of them,Yes
2014-08-29,33,Male,United States,NY,,Yes,Don't know,Yes,Yes
2014-08-29,40,Male,United States,WI,Sometimes,Yes,Don't know,No,Yes
2014-08-29,26,Male,United States,WA,Sometimes,Yes,Don't know,No,Yes
2014-08-29,29,Female,United Kingdom,,Often,Yes,Don't know,No,No
2014-08-29,26,Female,Canada,,Sometimes,Yes,Don't know,No,Yes
2014-08-29,33,Other,Italy,,Sometimes,No,Somewhat easy,Yes,Yes
2014-08-29,28,Male,Brazil,,Sometimes,No,Somewhat easy,Some of them,Yes
2014-08-29,41,Male,United States,IL,Often,No,Very difficult,Some of them,No
2014-08-29,39,Male,United Kingdom,,Sometimes,No,Somewhat difficult,Yes,Yes
2014-08-29,26,Female,United States,WA,Sometimes,Yes,Don't know,Yes,Yes
2014-08-29,23,Female,United States,IL,Sometimes,No,Somewhat difficult,Some of them,No
2014-08-29,35,Male,Switzerland,,Often,Don't know,Very easy,Some of them,Yes
2014-08-29,36,Male,United States,FL,Never,Don't know,Very easy,Some of them,Yes
2014-08-29,42,Male,United States,TN,Rarely,Don't know,Don't know,No,No
2014-08-29,39,Male,United States,WA,Sometimes,Yes,Very easy,Yes,Yes
2014-08-29,27,Male,United States,CA,Never,Don't know,Don't know,Yes,Yes
2014-08-29,33,Male,United States,FL,Never,Don't know,Very easy,Yes,Yes
2014-08-29,31,Other,Canada,,Often,Yes,Don't know,No,Yes
2014-08-29,28,Female,United States,OR,Rarely,Yes,Very easy,Some of them,Yes
2014-08-29,29,Female,United States,NJ,Often,Yes,Somewhat easy,Yes,No
2014-08-29,27,Male,United States,CA,Sometimes,Don't know,Very difficult,No,Yes
2014-08-29,44,Male,United States,FL,Never,Don't know,Somewhat difficult,No,Yes
2014-08-29,25,Male,United States,UT,Often,Don't know,Somewhat easy,No,Yes
2014-08-29,24,Male,Germany,,Sometimes,No,Somewhat easy,Yes,Yes
2014-08-29,25,Male,South Africa,,Often,Don't know,Don't know,Yes,No
2014-08-29,34,Male,United States,NJ,Never,Yes,Somewhat easy,Some of them,Yes
2014-08-29,26,Male,United States,PA,Never,Yes,Somewhat difficult,Yes,No
2014-08-29,48,Male,United States,IN,Never,Yes,Don't know,Yes,No
2014-08-29,34,Male,Greece,,,No,Very difficult,No,Yes
2014-08-29,39,Female,United States,OH,Sometimes,No,Don't know,Some of them,Yes
2014-08-29,43,Male,United States,OH,Sometimes,Yes,Don't know,No,Yes
2014-08-29,41,Male,United States,IL,Rarely,Yes,Don't know,No,Yes
2014-08-29,25,Male,United States,IN,Never,Don't know,Don't know,Yes,No
2014-08-29,31,Male,United States,CA,Sometimes,Yes,Somewhat easy,No,Yes
2014-08-29,40,Male,United States,WA,Sometimes,Yes,Don't know,No,Yes
2014-08-29,43,Male,United States,VA,Sometimes,Yes,Don't know,Some of them,Yes
2014-08-29,27,Female,United States,WA,Often,Yes,Very difficult,Some of them,Yes
2014-08-29,37,Female,United States,NJ,Sometimes,Yes,Don't know,No,Yes
2014-08-29,32,Male,Netherlands,,Sometimes,No,Very difficult,Yes,Yes
2014-08-29,25,Male,United States,UT,Often,No,Very easy,Yes,Yes
2014-08-29,29,Male,Netherlands,,Often,Don't know,Very difficult,Yes,Yes
2014-08-29,30,Female,United States,TN,Often,Yes,Somewhat difficult,No,No
2014-08-29,34,Female,Canada,,Often,Don't know,Somewhat easy,Some of them,No
2014-08-29,32,Male,United Kingdom,,Sometimes,Yes,Somewhat easy,Some of them,No
2014-08-29,37,Male,Germany,,,Don't know,Very easy,Yes,Yes
2014-08-29,41,Male,Germany,,Sometimes,Don't know,Somewhat difficult,Yes,Yes
2014-08-29,38,Male,United States,IN,Never,Yes,Don't know,No,No
2014-08-29,32,Male,United States,IN,Sometimes,Yes,Don't know,Yes,Yes
2014-08-29,28,Female,United States,CA,Sometimes,Yes,Don't know,Some of them,Yes
2014-08-29,11,Male,United States,OH,Never,No,Very easy,Some of them,Yes
2014-08-29,43,Male,United States,TX,Never,Yes,Somewhat easy,Some of them,No
2014-08-29,32,Male,United States,TN,Often,No,Very difficult,Yes,Yes
2014-08-29,25,Male,United States,WA,Sometimes,Yes,Don't know,No,Yes
2014-08-29,37,Male,United States,UT,Sometimes,Yes,Very easy,Yes,Yes
2014-08-29,36,Male,United States,AL,Sometimes,No,Very difficult,No,No
2014-08-29,24,Male,United States,WI,Rarely,Don't know,Very easy,Yes,Yes
2014-08-29,40,Male,United States,WA,Sometimes,Yes,Somewhat difficult,Some of them,Yes
2014-08-29,29,Male,United States,WI,,Don't know,Somewhat easy,Yes,No
2014-08-29,43,Male,United States,NY,Never,Don't know,Don't know,Some of them,Yes
2014-08-29,29,Male,United States,NY,,Yes,Don't know,Yes,Yes
2014-08-29,26,Male,United States,OH,Sometimes,Don't know,Don't know,No,Yes
2014-08-29,33,Female,Canada,,Often,No,Very difficult,No,Yes
2014-08-29,35,Female,United States,WA,Sometimes,Don't know,Somewhat easy,Some of them,Yes
2014-08-29,45,Male,United States,CA,Never,Yes,Don't know,No,Yes
2014-08-30,25,Male,United States,SC,Rarely,No,Somewhat easy,Some of them,Yes
2014-08-30,50,Male,France,,Sometimes,No,Don't know,Yes,Yes
2014-08-30,26,Male,Australia,,Rarely,No,Very easy,Yes,Yes
2014-08-30,33,Female,United States,CA,Often,Yes,Don't know,No,Yes
2014-08-30,30,Male,India,,Often,No,Very easy,Some of them,Yes
2014-08-30,33,Male,Croatia,,Sometimes,Yes,Very easy,Yes,Yes
2014-08-30,29,Male,France,,Often,Yes,Somewhat easy,Some of them,Yes
2014-08-30,37,Male,Germany,,,No,Don't know,No,Yes
2014-08-30,25,Male,United States,MN,Sometimes,Don't know,Very easy,Yes,Yes
2014-08-30,40,Male,United States,WA,,Yes,Somewhat easy,Some of them,No
2014-08-30,24,Male,Canada,,Sometimes,Yes,Don't know,No,Yes
2014-08-30,40,Male,United Kingdom,,Never,Don't know,Very easy,Some of them,Yes
2014-08-30,46,Male,United States,PA,Sometimes,Don't know,Don't know,Some of them,Yes
2014-08-30,38,Male,United States,NY,Rarely,Yes,Somewhat easy,Yes,No
2014-08-30,34,Male,United States,VT,Never,No,Don't know,No,Yes
2014-08-30,32,Male,United Kingdom,,Rarely,No,Very easy,Yes,Yes
2014-08-30,44,Male,United Kingdom,,Sometimes,No,Don't know,Some of them,No
2014-08-30,33,Female,United Kingdom,,Never,Don't know,Very easy,Some of them,Yes
2014-08-30,45,Female,United States,MI,Rarely,Don't know,Don't know,Some of them,No
2014-08-30,35,Male,United States,NY,,Don't know,Don't know,No,Yes
2014-08-30,26,Male,Germany,,Often,No,Don't know,Yes,Yes
2014-08-30,20,Female,United States,NY,Sometimes,Don't know,Don't know,Some of them,Yes
2014-08-30,-1,Other,United States,AL,Often,Yes,Very easy,Yes,Yes
2014-08-31,37,Male,Netherlands,,Sometimes,No,Somewhat easy,Yes,Yes
2014-08-31,28,Male,United States,MI,,Yes,Somewhat easy,No,No
2014-08-31,42,Female,United States,WA,Sometimes,Yes,Don't know,Some of them,No
2014-08-31,32,Male,United Kingdom,,,No,Don't know,No,Yes
2014-08-31,36,Female,United States,TN,Rarely,Yes,Somewhat easy,No,Yes
2014-08-31,27,Male,New Zealand,,Rarely,No,Somewhat difficult,No,Yes
2014-08-31,27,Male,New Zealand,,Rarely,No,Somewhat difficult,No,Yes
2014-09-01,27,Male,United Kingdom,,Sometimes,No,Somewhat easy,Yes,No
2014-09-01,25,Male,United Kingdom,,Sometimes,No,Very easy,Yes,Yes
2014-09-01,41,Male,United Kingdom,,,No,Somewhat difficult,Some of them,Yes
2014-09-01,23,Male,Germany,,Sometimes,Don't know,Somewhat easy,No,Yes
2014-09-01,21,Male,United Kingdom,,Sometimes,Don't know,Don't know,No,No
2014-09-01,26,Male,Moldova,,Often,No,Very difficult,Yes,Yes
2014-09-01,29,Male,Sweden,,Rarely,Don't know,Don't know,No,Yes
2014-09-01,28,Male,Belgium,,Sometimes,No,Somewhat easy,No,No
2014-09-01,27,Female,United Kingdom,,,No,Don't know,No,No
2014-09-01,23,Male,Israel,,Never,No,Somewhat difficult,Yes,No
2014-09-01,26,Female,United States,NY,Sometimes,Don't know,Don't know,No,Yes
2014-09-01,38,Male,United Kingdom,,Sometimes,No,Very easy,Yes,Yes
2014-09-01,39,Male,United Kingdom,,Sometimes,No,Very easy,Yes,No
2014-09-01,35,Male,United States,IN,Often,Yes,Somewhat easy,Some of them,No
2014-09-01,32,Male,United States,NC,Rarely,Yes,Don't know,Some of them,Yes
2014-09-02,32,Male,United States,CA,Sometimes,Yes,Somewhat difficult,Some of them,Yes
2014-09-02,26,Male,United Kingdom,,Never,No,Don't know,No,Yes
2014-09-02,38,Male,Canada,,Rarely,Don't know,Don't know,Yes,Yes
2014-09-02,34,Female,United Kingdom,,Rarely,Yes,Very easy,Yes,No
2014-09-02,39,Male,United States,TN,Often,Don't know,Somewhat easy,Some of them,No
2014-09-02,32,Male,Canada,,Never,Don't know,Very easy,Yes,Yes
2014-09-02,37,Male,Netherlands,,Never,Don't know,Very easy,Some of them,Yes
2014-09-02,31,Male,United Kingdom,,Never,Don't know,Somewhat easy,Some of them,Yes
2014-09-02,30,Male,United States,MN,Rarely,No,Don't know,No,Yes
2014-09-03,51,Male,Singapore,,Never,Don't know,Don't know,No,Yes
2014-09-03,29,Male,United States,NC,Sometimes,Yes,Don't know,Some of them,Yes
2014-09-04,31,Male,United Kingdom,,Never,Yes,Don't know,No,Yes
2014-09-04,31,Male,India,,,Don't know,Don't know,No,Yes
2014-09-04,26,Male,United States,TX,Sometimes,Don't know,Somewhat easy,Some of them,Yes
2014-09-04,46,Female,United States,CA,Often,Yes,Don't know,Some of them,No
2014-09-05,32,Male,United States,CA,Sometimes,Yes,Don't know,Yes,Yes
2014-09-05,29,Male,United States,IL,Sometimes,Yes,Don't know,No,No
2014-09-08,34,Male,Poland,,Never,Don't know,Don't know,Some of them,Yes
2014-09-08,26,Male,Colombia,,Often,No,Very difficult,No,Yes
2014-09-08,32,Female,United States,PA,Sometimes,Yes,Don't know,No,Yes
2014-09-09,29,Male,United States,IL,,Don't know,Don't know,Yes,Yes
2014-09-11,30,Male,United States,IL,,Yes,Don't know,No,No
2014-09-12,40,Female,United States,MN,Sometimes,Yes,Somewhat easy,Yes,Yes
2014-09-13,23,Male,United Kingdom,,Sometimes,No,Very difficult,Yes,Yes
2014-09-14,20,Male,Georgia,,Rarely,No,Very difficult,No,No
2014-09-14,38,Male,United States,NY,,Don't know,Somewhat difficult,Yes,Yes
2014-09-20,26,Female,United States,MI,Rarely,Yes,Don't know,No,Yes
2014-09-23,29,Male,United States,OH,Never,No,Don't know,Yes,Yes
2014-09-26,40,Male,China,,Sometimes,No,Somewhat easy,Some of them,Yes
2014-09-26,25,Female,Bulgaria,UT,Sometimes,No,Don't know,Some of them,Yes
2014-09-26,32,Female,United States,NY,Sometimes,Yes,Don't know,No,Yes
2014-09-30,38,Male,United States,CA,Sometimes,Yes,Don't know,No,No
2014-10-02,72,Female,United States,IN,Never,Yes,Somewhat easy,Yes,No
2014-10-05,35,Female,United States,IN,Sometimes,No,Don't know,Some of them,Yes
2014-10-09,28,Female,United States,VA,Often,No,Very difficult,Some of them,Yes
2014-11-05,27,Other,United States,OK,Never,Don't know,Don't know,Yes,No
2014-11-06,56,Female,United States,OR,Rarely,Don't know,Don't know,No,Yes
2014-11-16,38,Male,United States,AL,Sometimes,Yes,Don't know,Some of them,Yes
2014-12-01,31,Female,Belgium,,,Don't know,Very easy,Some of them,Yes
2014-12-15,40,Male,United States,AL,Sometimes,Yes,Don't know,No,Yes
2015-01-03,44,Male,United States,OH,Sometimes,Yes,Don't know,Some of them,Yes
2015-02-21,34,Male,Canada,,Sometimes,Yes,Don't know,No,Yes
2015-02-21,37,Male,United Kingdom,,Never,Don't know,Somewhat easy,Yes,Yes
2015-02-21,38,Male,Italy,,Never,Don't know,Don't know,Yes,Yes
2015-02-21,27,Male,Germany,,,Don't know,Don't know,Yes,Yes
2015-02-21,34,Female,Ireland,,Sometimes,Yes,Don't know,Some of them,No
2015-02-21,35,Female,Ireland,,Rarely,Don't know,Don't know,No,Yes
2015-02-21,34,Male,Ireland,,Often,No,Somewhat difficult,Yes,Yes
2015-02-21,32,Male,United States,TX,Often,Yes,Very difficult,No,Yes
2015-02-21,25,Male,Ireland,,,Don't know,Don't know,Yes,Yes
2015-02-21,28,Male,Australia,,Often,No,Don't know,No,Yes
2015-02-21,28,Female,United States,TX,Rarely,Yes,Somewhat easy,No,Yes
2015-02-21,31,Male,Brazil,,,No,Don't know,Yes,Yes
2015-02-21,24,Male,United Kingdom,,,Don't know,Somewhat easy,Yes,Yes
2015-02-21,34,Male,Ireland,,Never,No,Don't know,Yes,Yes
2015-02-21,32,Male,Ireland,,Sometimes,No,Somewhat easy,Yes,Yes
2015-02-21,34,Male,United Kingdom,,Often,Don't know,Somewhat easy,Yes,No
2015-02-21,23,Male,United States,TX,Sometimes,No,Very easy,Yes,Yes
2015-02-21,33,Male,Czech Republic,,Often,No,Somewhat easy,Yes,Yes
2015-02-21,29,Male,Singapore,,Sometimes,Don't know,Somewhat difficult,No,Yes
2015-02-21,24,Male,Ireland,,,No,Don't know,No,Yes
2015-02-21,45,Male,Ireland,,Never,Don't know,Don't know,Some of them,Yes
2015-02-21,34,Female,United Kingdom,,Sometimes,No,Somewhat difficult,Yes,No
2015-02-21,31,Male,Philippines,,Sometimes,Don't know,Very difficult,No,Yes
2015-02-21,33,Male,United States,FL,Often,Yes,Don't know,No,Yes
2015-02-21,28,Male,Netherlands,,,No,Somewhat easy,Some of them,Yes
2015-02-21,27,Male,United Kingdom,,Rarely,Don't know,Don't know,Yes,No
2015-02-21,42,Male,Ireland,,Never,No,Somewhat difficult,Some of them,Yes
2015-02-21,28,Male,Netherlands,,,No,Somewhat easy,Some of them,Yes
2015-02-21,38,Male,United States,TX,Sometimes,Yes,Very easy,Yes,Yes
2015-02-21,46,Male,United States,CA,Often,Don't know,Don't know,No,Yes
2015-02-21,46,Male,United States,MD,Sometimes,Don't know,Don't know,Yes,Yes
2015-02-21,41,Female,Netherlands,,Rarely,Don't know,Somewhat easy,Yes,Yes
2015-02-21,23,Other,United Kingdom,,Never,Don't know,Somewhat easy,Some of them,Yes
2015-02-21,24,Male,Ireland,,Sometimes,Yes,Somewhat easy,No,Yes
2015-02-21,23,Female,Ireland,,Rarely,No,Don't know,Some of them,Yes
2015-02-21,39,Male,Netherlands,,,Yes,Somewhat easy,Some of them,No
2015-02-21,32,Female,Ireland,,Never,Yes,Don't know,Some of them,Yes
2015-02-21,25,Male,United States,MN,Sometimes,Don't know,Somewhat easy,Some of them,Yes
2015-02-22,39,Male,Greece,,,No,Don't know,No,Yes
2015-02-24,23,Female,United Kingdom,,Sometimes,No,Very easy,Yes,Yes
2015-02-24,24,Other,United Kingdom,,Sometimes,No,Don't know,Some of them,Yes
2015-02-24,25,Male,United Kingdom,,Sometimes,Yes,Very easy,Yes,No
2015-02-24,23,Male,United Kingdom,,Rarely,No,Don't know,Yes,Yes
2015-02-24,24,Other,United Kingdom,,Sometimes,Don't know,Don't know,No,No
2015-02-24,23,Male,Canada,,Often,Yes,Don't know,Some of them,Yes
2015-02-24,60,Male,United States,CA,Often,Don't know,Somewhat easy,No,Yes
2015-02-26,28,Male,Ireland,,Sometimes,No,Don't know,No,Yes
2015-04-02,28,Male,United States,TN,Often,Yes,Somewhat easy,Yes,No
2015-04-04,30,Male,Netherlands,,Sometimes,Don't know,Don't know,Yes,Yes
2015-04-06,31,Male,Germany,,Sometimes,Don't know,Somewhat easy,No,Yes
2015-04-11,31,Male,Poland,,Often,No,Somewhat easy,No,Yes
2015-04-23,28,Male,Ireland,,Rarely,Don't know,Don't know,No,Yes
2015-05-05,43,Female,United States,FL,Rarely,Yes,Don't know,Yes,Yes
2015-05-05,32,Female,United Kingdom,,,No,Don't know,Yes,No
2015-05-06,22,Male,Australia,,Often,Yes,Don't know,Yes,No
2015-05-06,32,Male,United States,OR,Never,Yes,Somewhat easy,Some of them,Yes
2015-05-07,36,Male,Finland,,Often,No,Very difficult,No,Yes
2015-06-25,41,Female,United States,WA,Sometimes,Yes,Don't know,No,Yes
2015-07-22,30,Male,United States,CA,Sometimes,Yes,Very easy,Yes,Yes
2015-07-27,30,Male,United States,CA,Often,Yes,Don't know,Yes,Yes
2015-08-17,36,Male,South Africa,,Often,No,Somewhat easy,Yes,No
2015-08-20,29,Male,United States,NC,Sometimes,Yes,Don't know,No,Yes
2015-08-25,36,Male,United States,UT,Rarely,Don't know,Somewhat easy,Some of them,No
2015-09-12,26,Male,United Kingdom,,,No,Somewhat easy,Some of them,Yes
2015-09-26,32,Male,United States,IL,Often,Yes,Somewhat difficult,Yes,Yes
2015-11-07,34,Male,United States,CA,Sometimes,Yes,Somewhat difficult,No,Yes
2015-11-30,46,Female,United States,NC,,No,Don't know,No,Yes
2016-02-01,25,Male,United States,IL,Sometimes,Yes,Don't know,No,No
